NAME,STATE_NAME,1938,1939,1940,1941,1947,1948,1949,1950,1951,1952,1953,1954,1955,1956,1957,1959,1960,1961,1962,1963
Ada County,Idaho,0.0,0.0,0.0,0.0,1.0,4.0,4.0,4.0,4.0,4.0,3.0,3.0,2.0,3.0,2.0,1.0,1.0,0.0,0.0,0.0
Adams County,Colorado,0.0,0.0,0.0,0.0,0.0,0.0,0.0,0.0,0.0,0.0,0.0,0.0,0.0,0.0,0.0,0.0,0.0,1.0,1.0,1.0
Adams County,Mississippi,0.0,0.0,0.0,0.0,0.0,0.0,0.0,0.0,0.0,0.0,0.0,0.0,0.0,3.0,2.0,2.0,2.0,2.0,2.0,2.0
Adams County,Nebraska,0.0,1.0,1.0,1.0,0.0,0.0,0.0,0.0,0.0,0.0,0.0,0.0,0.0,0.0,0.0,0.0,0.0,0.0,0.0,0.0
Adams County,Pennsylvania,0.0,0.0,1.0,1.0,1.0,1.0,1.0,1.0,1.0,1.0,1.0,0.0,0.0,0.0,0.0,0.0,0.0,0.0,0.0,0.0
Aiken County,South Carolina,3.0,6.0,5.0,5.0,3.0,2.0,2.0,2.0,2.0,1.0,1.0,1.0,1.0,1.0,1.0,2.0,2.0,3.0,3.0,1.0
Alachua County,Florida,0.0,0.0,0.0,0.0,0.0,0.0,0.0,0.0,0.0,0.0,0.0,0.0,0.0,0.0,0.0,0.0,0.0,1.0,0.0,0.0
Alameda County,California,0.0,12.0,12.0,12.0,14.0,14.0,14.0,15.0,15.0,13.0,12.0,13.0,15.0,9.0,11.0,8.0,8.0,7.0,6.0,8.0
Albany County,New York,0.0,6.0,6.0,6.0,7.0,6.0,6.0,5.0,5.0,5.0,9.0,9.0,9.0,4.0,4.0,4.0,4.0,4.0,4.0,4.0
Albemarle County,Virginia,0.0,1.0,0.0,0.0,0.0,0.0,0.0,1.0,1.0,1.0,1.0,1.0,1.0,1.0,1.0,1.0,1.0,1.0,1.0,0.0
Alexandria city,Virginia,2.0,2.0,2.0,2.0,2.0,2.0,2.0,2.0,2.0,2.0,2.0,2.0,1.0,1.0,1.0,1.0,1.0,0.0,0.0,0.0
Allegany County,Maryland,0.0,0.0,0.0,0.0,0.0,0.0,0.0,0.0,0.0,1.0,1.0,1.0,1.0,1.0,1.0,1.0,0.0,0.0,0.0,0.0
Allegheny County,Pennsylvania,8.0,10.0,14.0,14.0,12.0,11.0,10.0,10.0,8.0,9.0,12.0,12.0,11.0,10.0,12.0,10.0,8.0,8.0,8.0,8.0
Allen County,Indiana,0.0,1.0,1.0,1.0,1.0,6.0,6.0,6.0,6.0,5.0,5.0,6.0,8.0,6.0,6.0,4.0,4.0,4.0,4.0,4.0
Allen County,Ohio,0.0,5.0,5.0,4.0,4.0,4.0,4.0,3.0,3.0,3.0,3.0,5.0,4.0,4.0,4.0,4.0,4.0,4.0,3.0,3.0
Amherst County,Virginia,0.0,0.0,0.0,0.0,0.0,0.0,0.0,0.0,0.0,0.0,0.0,0.0,0.0,0.0,0.0,0.0,0.0,0.0,0.0,2.0
Anchorage Municipality,Alaska,0.0,0.0,0.0,0.0,0.0,0.0,0.0,0.0,0.0,0.0,0.0,0.0,0.0,0.0,0.0,0.0,0.0,0.0,1.0,2.0
Anderson County,South Carolina,0.0,2.0,0.0,1.0,0.0,1.0,1.0,2.0,2.0,2.0,2.0,2.0,2.0,2.0,2.0,2.0,2.0,2.0,2.0,2.0
Anne Arundel County,Maryland,3.0,3.0,2.0,3.0,3.0,3.0,3.0,4.0,3.0,2.0,2.0,3.0,3.0,5.0,4.0,4.0,4.0,3.0,3.0,2.0
Anoka County,Minnesota,0.0,0.0,0.0,0.0,0.0,0.0,0.0,0.0,0.0,0.0,0.0,0.0,0.0,0.0,0.0,0.0,0.0,1.0,0.0,0.0
Arapahoe County,Colorado,0.0,0.0,0.0,0.0,0.0,0.0,0.0,0.0,0.0,0.0,0.0,0.0,0.0,0.0,1.0,0.0,0.0,0.0,0.0,0.0
Ashland County,Wisconsin,0.0,0.0,0.0,0.0,0.0,0.0,0.0,0.0,0.0,0.0,0.0,0.0,0.0,0.0,1.0,2.0,2.0,2.0,1.0,1.0
Atchison County,Kansas,0.0,0.0,0.0,0.0,3.0,3.0,3.0,3.0,3.0,3.0,2.0,2.0,2.0,2.0,2.0,2.0,2.0,2.0,1.0,1.0
Atlantic County,New Jersey,11.0,40.0,36.0,42.0,61.0,65.0,63.0,64.0,62.0,70.0,68.0,65.0,71.0,25.0,29.0,26.0,26.0,25.0,24.0,25.0
Baltimore County,Maryland,0.0,1.0,0.0,0.0,1.0,4.0,4.0,4.0,4.0,4.0,2.0,2.0,2.0,0.0,0.0,0.0,0.0,0.0,0.0,0.0
Baltimore city,Maryland,9.0,15.0,23.0,27.0,37.0,34.0,34.0,33.0,31.0,29.0,27.0,38.0,36.0,11.0,13.0,11.0,10.0,9.0,9.0,8.0
Bannock County,Idaho,0.0,3.0,2.0,2.0,2.0,2.0,2.0,2.0,2.0,2.0,2.0,2.0,2.0,3.0,3.0,2.0,2.0,2.0,2.0,3.0
Barnstable County,Massachusetts,1.0,1.0,2.0,1.0,1.0,1.0,1.0,1.0,1.0,1.0,1.0,1.0,1.0,1.0,2.0,2.0,2.0,2.0,2.0,4.0
Barren County,Kentucky,0.0,7.0,1.0,1.0,0.0,0.0,0.0,0.0,0.0,0.0,0.0,0.0,0.0,0.0,0.0,0.0,0.0,1.0,0.0,0.0
Bay County,Florida,0.0,0.0,0.0,0.0,0.0,0.0,0.0,0.0,0.0,0.0,0.0,0.0,0.0,0.0,0.0,4.0,4.0,4.0,0.0,0.0
Bear Lake County,Idaho,0.0,0.0,0.0,0.0,0.0,0.0,0.0,0.0,0.0,0.0,0.0,0.0,0.0,0.0,0.0,0.0,0.0,0.0,1.0,1.0
Beaufort County,North Carolina,0.0,1.0,1.0,1.0,1.0,1.0,1.0,1.0,1.0,1.0,0.0,0.0,0.0,0.0,0.0,0.0,0.0,0.0,0.0,0.0
Beaufort County,South Carolina,0.0,0.0,2.0,1.0,1.0,1.0,1.0,1.0,1.0,1.0,1.0,1.0,1.0,0.0,0.0,0.0,0.0,0.0,0.0,1.0
Bedford County,Pennsylvania,1.0,1.0,1.0,1.0,1.0,1.0,1.0,1.0,1.0,1.0,1.0,1.0,1.0,1.0,1.0,1.0,1.0,1.0,1.0,1.0
Bedford County,Tennessee,0.0,0.0,0.0,0.0,0.0,0.0,0.0,0.0,0.0,0.0,0.0,0.0,0.0,0.0,0.0,0.0,1.0,1.0,0.0,0.0
Bedford County,Virginia,0.0,0.0,0.0,0.0,0.0,1.0,1.0,1.0,1.0,1.0,1.0,1.0,1.0,0.0,0.0,0.0,0.0,0.0,0.0,0.0
Bennington County,Vermont,0.0,0.0,0.0,1.0,1.0,1.0,1.0,1.0,1.0,1.0,1.0,1.0,1.0,1.0,0.0,0.0,0.0,0.0,0.0,0.0
Benton County,Minnesota,0.0,0.0,0.0,0.0,0.0,0.0,0.0,0.0,0.0,0.0,0.0,0.0,0.0,0.0,1.0,1.0,1.0,1.0,1.0,1.0
Bergen County,New Jersey,11.0,10.0,8.0,8.0,10.0,10.0,10.0,10.0,10.0,10.0,10.0,10.0,10.0,0.0,0.0,0.0,0.0,0.0,0.0,11.0
Berks County,Pennsylvania,2.0,3.0,2.0,1.0,1.0,1.0,1.0,1.0,1.0,1.0,1.0,2.0,2.0,2.0,3.0,3.0,2.0,2.0,2.0,2.0
Berkshire County,Massachusetts,2.0,10.0,8.0,8.0,7.0,8.0,8.0,9.0,9.0,7.0,7.0,6.0,6.0,6.0,6.0,6.0,6.0,6.0,7.0,6.0
Bernalillo County,New Mexico,0.0,0.0,0.0,0.0,2.0,4.0,5.0,4.0,3.0,3.0,3.0,3.0,4.0,4.0,3.0,5.0,5.0,5.0,4.0,4.0
Berrien County,Michigan,0.0,1.0,1.0,1.0,1.0,1.0,1.0,2.0,2.0,2.0,2.0,3.0,3.0,2.0,2.0,1.0,1.0,1.0,1.0,1.0
Bertie County,North Carolina,0.0,0.0,1.0,1.0,1.0,0.0,0.0,0.0,0.0,0.0,0.0,0.0,0.0,0.0,0.0,1.0,1.0,1.0,1.0,0.0
Bexar County,Texas,0.0,2.0,3.0,2.0,21.0,19.0,19.0,32.0,32.0,28.0,26.0,24.0,24.0,7.0,7.0,6.0,6.0,6.0,6.0,6.0
Bibb County,Georgia,6.0,6.0,6.0,5.0,14.0,14.0,14.0,13.0,11.0,8.0,6.0,5.0,5.0,2.0,3.0,3.0,3.0,5.0,4.0,4.0
Billings County,North Dakota,0.0,0.0,0.0,0.0,0.0,0.0,0.0,0.0,0.0,0.0,0.0,0.0,0.0,0.0,1.0,1.0,1.0,1.0,1.0,1.0
Bingham County,Idaho,0.0,0.0,0.0,0.0,0.0,0.0,0.0,0.0,0.0,0.0,0.0,0.0,0.0,0.0,0.0,0.0,0.0,0.0,0.0,1.0
Black Hawk County,Iowa,0.0,3.0,3.0,3.0,3.0,3.0,3.0,3.0,3.0,3.0,3.0,3.0,3.0,3.0,5.0,5.0,5.0,5.0,5.0,5.0
Bladen County,North Carolina,0.0,0.0,0.0,0.0,4.0,6.0,6.0,6.0,6.0,5.0,5.0,5.0,5.0,0.0,0.0,0.0,0.0,0.0,0.0,0.0
Blair County,Pennsylvania,0.0,0.0,0.0,0.0,4.0,4.0,4.0,4.0,3.0,3.0,3.0,3.0,3.0,3.0,2.0,2.0,2.0,2.0,0.0,0.0
Bolivar County,Mississippi,0.0,0.0,0.0,0.0,5.0,5.0,5.0,4.0,4.0,4.0,4.0,4.0,4.0,2.0,2.0,3.0,5.0,5.0,4.0,4.0
Bonneville County,Idaho,0.0,0.0,0.0,0.0,0.0,0.0,0.0,0.0,0.0,0.0,0.0,0.0,0.0,0.0,2.0,2.0,2.0,2.0,2.0,3.0
Boone County,Missouri,0.0,2.0,2.0,2.0,2.0,2.0,2.0,2.0,2.0,2.0,5.0,5.0,5.0,4.0,4.0,3.0,3.0,3.0,2.0,2.0
Boulder County,Colorado,0.0,0.0,0.0,0.0,0.0,0.0,0.0,0.0,1.0,1.0,1.0,1.0,1.0,1.0,1.0,1.0,0.0,0.0,0.0,0.0
Bourbon County,Kansas,0.0,4.0,2.0,2.0,2.0,2.0,2.0,2.0,2.0,2.0,2.0,1.0,1.0,2.0,3.0,3.0,3.0,3.0,3.0,3.0
Bourbon County,Kentucky,0.0,0.0,0.0,0.0,0.0,4.0,4.0,4.0,4.0,3.0,3.0,3.0,3.0,1.0,1.0,0.0,0.0,0.0,0.0,0.0
Bowie County,Texas,0.0,2.0,4.0,3.0,5.0,4.0,4.0,5.0,5.0,5.0,5.0,4.0,4.0,4.0,3.0,4.0,4.0,7.0,5.0,4.0
Box Elder County,Utah,0.0,0.0,0.0,0.0,0.0,0.0,0.0,0.0,0.0,0.0,0.0,0.0,0.0,0.0,1.0,0.0,0.0,0.0,0.0,0.0
Bradford County,Pennsylvania,1.0,1.0,0.0,0.0,0.0,0.0,0.0,1.0,1.0,1.0,0.0,1.0,1.0,2.0,1.0,0.0,0.0,0.0,0.0,0.0
Bradley County,Tennessee,0.0,0.0,0.0,0.0,0.0,0.0,0.0,0.0,0.0,0.0,0.0,0.0,0.0,0.0,0.0,0.0,3.0,3.0,2.0,2.0
Bristol County,Massachusetts,0.0,1.0,1.0,1.0,1.0,1.0,1.0,1.0,1.0,1.0,1.0,1.0,1.0,1.0,1.0,1.0,1.0,1.0,1.0,0.0
Bristol city,Virginia,0.0,0.0,0.0,0.0,0.0,0.0,0.0,0.0,0.0,0.0,0.0,1.0,2.0,1.0,1.0,1.0,2.0,2.0,1.0,2.0
Bronx County,New York,0.0,0.0,0.0,0.0,58.0,59.0,46.0,45.0,43.0,43.0,39.0,32.0,30.0,4.0,3.0,2.0,2.0,2.0,6.0,15.0
Brookings County,South Dakota,0.0,0.0,0.0,0.0,0.0,0.0,0.0,0.0,0.0,0.0,0.0,0.0,0.0,0.0,1.0,1.0,1.0,1.0,1.0,1.0
Broward County,Florida,0.0,0.0,0.0,0.0,3.0,3.0,3.0,1.0,1.0,1.0,2.0,1.0,1.0,1.0,1.0,1.0,1.0,1.0,18.0,14.0
Brown County,Kansas,0.0,2.0,2.0,2.0,1.0,1.0,1.0,1.0,1.0,1.0,1.0,1.0,1.0,1.0,1.0,1.0,1.0,1.0,1.0,1.0
Brown County,Nebraska,0.0,0.0,0.0,0.0,0.0,12.0,12.0,12.0,12.0,11.0,11.0,10.0,10.0,3.0,3.0,3.0,3.0,3.0,2.0,2.0
Brown County,South Dakota,0.0,0.0,0.0,0.0,7.0,7.0,7.0,7.0,7.0,7.0,7.0,7.0,7.0,2.0,2.0,2.0,2.0,2.0,2.0,2.0
Brown County,Wisconsin,0.0,0.0,0.0,0.0,0.0,0.0,0.0,0.0,0.0,0.0,0.0,0.0,0.0,0.0,1.0,1.0,1.0,1.0,1.0,1.0
Brunswick County,Virginia,0.0,0.0,0.0,0.0,0.0,0.0,0.0,0.0,0.0,0.0,0.0,0.0,0.0,0.0,0.0,0.0,0.0,0.0,0.0,1.0
Buchanan County,Missouri,0.0,3.0,3.0,2.0,1.0,1.0,1.0,1.0,0.0,0.0,0.0,0.0,0.0,0.0,1.0,1.0,0.0,0.0,0.0,0.0
Bucks County,Pennsylvania,2.0,2.0,1.0,1.0,0.0,0.0,0.0,0.0,0.0,0.0,1.0,1.0,1.0,1.0,1.0,1.0,1.0,1.0,1.0,1.0
Bulloch County,Georgia,0.0,0.0,0.0,0.0,0.0,0.0,0.0,1.0,1.0,1.0,1.0,1.0,0.0,0.0,0.0,1.0,1.0,1.0,1.0,1.0
Buncombe County,North Carolina,0.0,0.0,7.0,2.0,8.0,7.0,7.0,7.0,5.0,6.0,6.0,7.0,6.0,5.0,5.0,5.0,6.0,6.0,5.0,5.0
Burleigh County,North Dakota,0.0,0.0,0.0,0.0,0.0,0.0,0.0,0.0,0.0,0.0,0.0,0.0,0.0,0.0,2.0,2.0,2.0,2.0,2.0,2.0
Burlington County,New Jersey,2.0,3.0,2.0,2.0,1.0,1.0,1.0,2.0,2.0,1.0,2.0,2.0,2.0,1.0,1.0,1.0,1.0,1.0,1.0,0.0
Burnett County,Wisconsin,0.0,0.0,0.0,0.0,0.0,0.0,0.0,0.0,0.0,0.0,0.0,0.0,0.0,0.0,0.0,0.0,0.0,0.0,1.0,0.0
Butler County,Missouri,0.0,3.0,3.0,3.0,1.0,1.0,1.0,0.0,0.0,0.0,0.0,0.0,0.0,0.0,0.0,1.0,0.0,0.0,0.0,0.0
Butler County,Ohio,0.0,0.0,0.0,0.0,3.0,3.0,3.0,3.0,3.0,2.0,2.0,1.0,1.0,0.0,0.0,0.0,0.0,0.0,0.0,0.0
Cabarrus County,North Carolina,0.0,0.0,0.0,0.0,0.0,0.0,0.0,0.0,0.0,0.0,0.0,0.0,0.0,0.0,0.0,0.0,0.0,1.0,0.0,0.0
Cabell County,West Virginia,14.0,18.0,17.0,17.0,11.0,11.0,14.0,13.0,15.0,13.0,10.0,8.0,8.0,2.0,3.0,3.0,3.0,5.0,3.0,3.0
Caddo Parish,Louisiana,1.0,4.0,4.0,4.0,18.0,17.0,17.0,19.0,18.0,17.0,16.0,15.0,13.0,5.0,6.0,6.0,13.0,13.0,11.0,10.0
Calcasieu Parish,Louisiana,0.0,0.0,0.0,0.0,1.0,1.0,1.0,1.0,2.0,2.0,6.0,2.0,3.0,4.0,3.0,3.0,3.0,3.0,3.0,3.0
Caldwell County,North Carolina,0.0,0.0,0.0,0.0,0.0,0.0,0.0,0.0,0.0,0.0,0.0,0.0,0.0,0.0,0.0,0.0,0.0,1.0,0.0,0.0
Calhoun County,Alabama,0.0,0.0,0.0,0.0,1.0,1.0,1.0,0.0,0.0,0.0,0.0,0.0,0.0,0.0,1.0,1.0,1.0,1.0,1.0,0.0
Calhoun County,Michigan,0.0,4.0,4.0,3.0,3.0,3.0,3.0,3.0,3.0,3.0,3.0,1.0,1.0,1.0,1.0,1.0,1.0,1.0,1.0,1.0
Camden County,New Jersey,6.0,10.0,9.0,6.0,11.0,16.0,16.0,16.0,16.0,17.0,16.0,16.0,16.0,3.0,3.0,3.0,3.0,2.0,2.0,2.0
Camp County,Texas,0.0,1.0,1.0,2.0,2.0,0.0,0.0,0.0,0.0,0.0,0.0,0.0,0.0,0.0,0.0,0.0,0.0,0.0,0.0,0.0
Campbell County,Kentucky,0.0,0.0,0.0,0.0,0.0,0.0,0.0,0.0,0.0,0.0,0.0,0.0,0.0,0.0,0.0,0.0,2.0,2.0,1.0,0.0
Canyon County,Idaho,0.0,0.0,0.0,0.0,0.0,0.0,0.0,0.0,0.0,0.0,0.0,0.0,0.0,0.0,0.0,0.0,0.0,0.0,1.0,1.0
Cape Girardeau County,Missouri,0.0,3.0,3.0,3.0,3.0,3.0,3.0,2.0,2.0,2.0,2.0,2.0,2.0,2.0,2.0,2.0,2.0,3.0,3.0,3.0
Cape May County,New Jersey,8.0,16.0,12.0,10.0,14.0,17.0,15.0,15.0,15.0,17.0,18.0,17.0,17.0,13.0,13.0,13.0,14.0,17.0,15.0,15.0
Carbon County,Wyoming,0.0,0.0,0.0,0.0,1.0,1.0,2.0,2.0,2.0,2.0,2.0,2.0,2.0,2.0,2.0,2.0,2.0,2.0,0.0,0.0
Caroline County,Virginia,0.0,0.0,0.0,0.0,0.0,0.0,0.0,0.0,0.0,0.0,0.0,0.0,0.0,0.0,0.0,0.0,0.0,1.0,0.0,0.0
Cascade County,Montana,0.0,0.0,0.0,0.0,0.0,0.0,0.0,0.0,0.0,0.0,0.0,0.0,0.0,0.0,1.0,1.0,1.0,1.0,1.0,1.0
Cass County,Michigan,0.0,0.0,0.0,0.0,0.0,0.0,0.0,3.0,2.0,2.0,2.0,3.0,3.0,3.0,3.0,3.0,2.0,2.0,2.0,2.0
Cass County,North Dakota,0.0,0.0,0.0,0.0,0.0,0.0,0.0,0.0,0.0,0.0,0.0,0.0,0.0,0.0,1.0,1.0,1.0,1.0,1.0,1.0
Cass County,Texas,0.0,0.0,0.0,0.0,0.0,1.0,1.0,1.0,1.0,1.0,1.0,1.0,1.0,1.0,1.0,1.0,1.0,1.0,1.0,1.0
Charles County,Maryland,1.0,1.0,0.0,0.0,0.0,0.0,0.0,1.0,2.0,2.0,2.0,2.0,2.0,2.0,3.0,3.0,3.0,3.0,3.0,2.0
Charleston County,South Carolina,4.0,8.0,7.0,8.0,5.0,5.0,4.0,4.0,3.0,4.0,2.0,2.0,3.0,3.0,3.0,6.0,6.0,6.0,3.0,3.0
Charlottesville city,Virginia,0.0,9.0,5.0,5.0,5.0,5.0,6.0,6.0,6.0,5.0,4.0,5.0,4.0,3.0,3.0,4.0,3.0,3.0,3.0,3.0
Chatham County,Georgia,1.0,9.0,8.0,8.0,8.0,10.0,10.0,8.0,10.0,10.0,9.0,6.0,7.0,3.0,4.0,5.0,5.0,4.0,3.0,3.0
Chautauqua County,New York,0.0,4.0,4.0,3.0,2.0,2.0,2.0,2.0,2.0,2.0,2.0,2.0,2.0,2.0,2.0,1.0,1.0,1.0,1.0,1.0
Chaves County,New Mexico,0.0,0.0,0.0,1.0,3.0,3.0,3.0,3.0,3.0,3.0,3.0,3.0,3.0,3.0,4.0,4.0,4.0,4.0,3.0,2.0
Chemung County,New York,1.0,4.0,2.0,2.0,2.0,0.0,0.0,0.0,0.0,0.0,1.0,1.0,1.0,1.0,1.0,1.0,1.0,1.0,1.0,1.0
Cherry County,Nebraska,0.0,0.0,0.0,0.0,0.0,0.0,0.0,0.0,0.0,0.0,0.0,0.0,0.0,0.0,1.0,1.0,1.0,1.0,1.0,1.0
Chesapeake city,Virginia,0.0,0.0,0.0,0.0,0.0,0.0,0.0,0.0,0.0,0.0,0.0,0.0,0.0,0.0,0.0,0.0,0.0,0.0,1.0,1.0
Chester County,Pennsylvania,3.0,3.0,3.0,2.0,1.0,1.0,1.0,1.0,1.0,1.0,1.0,2.0,2.0,1.0,1.0,1.0,1.0,1.0,1.0,2.0
Chesterfield County,South Carolina,0.0,0.0,0.0,0.0,10.0,9.0,9.0,9.0,10.0,10.0,10.0,10.0,10.0,5.0,4.0,3.0,3.0,3.0,4.0,5.0
Chesterfield County,Virginia,0.0,0.0,0.0,0.0,0.0,0.0,0.0,0.0,0.0,0.0,0.0,1.0,1.0,2.0,3.0,2.0,1.0,1.0,1.0,1.0
Cheyenne County,Nebraska,0.0,0.0,0.0,0.0,0.0,0.0,0.0,0.0,0.0,0.0,0.0,0.0,0.0,0.0,1.0,1.0,1.0,1.0,1.0,1.0
Chittenden County,Vermont,1.0,1.0,1.0,1.0,4.0,4.0,4.0,3.0,2.0,2.0,2.0,2.0,2.0,2.0,1.0,1.0,1.0,1.0,1.0,1.0
Christian County,Kentucky,0.0,4.0,3.0,3.0,3.0,2.0,2.0,3.0,3.0,3.0,3.0,3.0,3.0,3.0,3.0,3.0,3.0,2.0,2.0,2.0
Clark County,Arkansas,0.0,4.0,10.0,8.0,6.0,6.0,6.0,6.0,6.0,6.0,5.0,5.0,5.0,3.0,2.0,1.0,1.0,1.0,1.0,1.0
Clark County,Indiana,0.0,2.0,2.0,2.0,4.0,4.0,4.0,2.0,2.0,1.0,1.0,1.0,1.0,1.0,1.0,0.0,1.0,1.0,0.0,0.0
Clark County,Nevada,0.0,0.0,0.0,0.0,0.0,1.0,1.0,2.0,2.0,2.0,2.0,2.0,2.0,2.0,3.0,5.0,5.0,5.0,6.0,6.0
Clark County,Ohio,1.0,4.0,12.0,12.0,19.0,18.0,18.0,15.0,14.0,14.0,13.0,12.0,11.0,5.0,5.0,4.0,4.0,4.0,4.0,4.0
Clark County,Washington,0.0,0.0,0.0,0.0,0.0,0.0,0.0,0.0,0.0,0.0,0.0,0.0,0.0,0.0,1.0,1.0,1.0,1.0,1.0,1.0
Clatsop County,Oregon,0.0,0.0,0.0,0.0,0.0,0.0,0.0,0.0,0.0,0.0,0.0,0.0,0.0,0.0,1.0,1.0,1.0,1.0,1.0,1.0
Clay County,Missouri,0.0,0.0,1.0,1.0,2.0,2.0,2.0,4.0,3.0,3.0,3.0,3.0,3.0,3.0,2.0,2.0,2.0,2.0,1.0,1.0
Clear Creek County,Colorado,0.0,0.0,0.0,0.0,0.0,0.0,0.0,0.0,0.0,0.0,1.0,1.0,1.0,1.0,1.0,0.0,0.0,0.0,0.0,0.0
Clinton County,Iowa,0.0,0.0,0.0,0.0,0.0,0.0,0.0,0.0,0.0,0.0,0.0,0.0,0.0,0.0,1.0,1.0,1.0,1.0,1.0,1.0
Cloud County,Kansas,0.0,4.0,4.0,4.0,2.0,2.0,2.0,2.0,2.0,2.0,2.0,2.0,2.0,2.0,1.0,1.0,1.0,1.0,1.0,1.0
Coahoma County,Mississippi,0.0,0.0,0.0,0.0,0.0,0.0,0.0,0.0,0.0,0.0,0.0,0.0,0.0,3.0,1.0,1.0,2.0,2.0,1.0,1.0
Cobb County,Georgia,0.0,0.0,0.0,0.0,0.0,0.0,0.0,0.0,0.0,0.0,0.0,0.0,0.0,0.0,0.0,0.0,5.0,5.0,2.0,2.0
Cochise County,Arizona,0.0,0.0,0.0,0.0,2.0,2.0,2.0,2.0,1.0,1.0,1.0,1.0,1.0,1.0,2.0,2.0,2.0,2.0,2.0,2.0
Coconino County,Arizona,0.0,0.0,0.0,0.0,0.0,0.0,0.0,0.0,0.0,0.0,0.0,0.0,0.0,0.0,5.0,5.0,4.0,4.0,4.0,4.0
Codington County,South Dakota,0.0,0.0,0.0,0.0,0.0,0.0,0.0,0.0,0.0,0.0,0.0,1.0,1.0,1.0,1.0,1.0,1.0,1.0,1.0,1.0
Coffee County,Georgia,0.0,0.0,0.0,0.0,0.0,9.0,9.0,9.0,8.0,8.0,8.0,8.0,9.0,3.0,3.0,3.0,3.0,3.0,3.0,3.0
Colbert County,Alabama,2.0,2.0,2.0,2.0,1.0,1.0,1.0,2.0,2.0,2.0,2.0,2.0,2.0,2.0,2.0,2.0,3.0,3.0,0.0,0.0
Cole County,Missouri,0.0,0.0,1.0,1.0,17.0,16.0,16.0,15.0,15.0,15.0,15.0,14.0,15.0,7.0,6.0,6.0,6.0,6.0,4.0,4.0
Colleton County,South Carolina,0.0,0.0,0.0,0.0,0.0,0.0,0.0,0.0,0.0,0.0,2.0,2.0,1.0,1.0,1.0,1.0,1.0,1.0,1.0,0.0
Columbia County,Florida,0.0,2.0,2.0,2.0,1.0,7.0,7.0,7.0,7.0,7.0,6.0,7.0,7.0,4.0,4.0,4.0,4.0,4.0,4.0,4.0
Columbia County,New York,1.0,1.0,0.0,0.0,0.0,1.0,1.0,1.0,1.0,1.0,0.0,0.0,0.0,0.0,0.0,0.0,0.0,0.0,0.0,0.0
Columbia County,Wisconsin,0.0,0.0,0.0,0.0,0.0,0.0,0.0,0.0,0.0,0.0,0.0,0.0,0.0,0.0,0.0,0.0,0.0,1.0,1.0,1.0
Columbus County,North Carolina,0.0,0.0,0.0,0.0,2.0,2.0,2.0,2.0,2.0,2.0,2.0,2.0,2.0,1.0,1.0,1.0,1.0,1.0,1.0,1.0
Cook County,Illinois,13.0,30.0,31.0,30.0,55.0,50.0,49.0,48.0,48.0,47.0,49.0,48.0,47.0,34.0,35.0,27.0,26.0,59.0,55.0,57.0
Coos County,New Hampshire,0.0,0.0,0.0,0.0,0.0,0.0,0.0,1.0,1.0,1.0,1.0,1.0,1.0,2.0,2.0,2.0,2.0,2.0,2.0,2.0
Coshocton County,Ohio,0.0,1.0,1.0,1.0,0.0,0.0,0.0,0.0,0.0,0.0,0.0,0.0,0.0,0.0,0.0,0.0,0.0,0.0,0.0,0.0
Covington County,Alabama,1.0,1.0,2.0,1.0,1.0,0.0,0.0,0.0,0.0,0.0,0.0,0.0,0.0,0.0,0.0,0.0,0.0,0.0,0.0,0.0
Covington city,Virginia,0.0,0.0,0.0,0.0,0.0,0.0,0.0,0.0,0.0,2.0,2.0,2.0,2.0,2.0,2.0,2.0,1.0,1.0,1.0,1.0
Craven County,North Carolina,2.0,3.0,3.0,3.0,3.0,3.0,3.0,2.0,2.0,2.0,2.0,2.0,2.0,2.0,2.0,2.0,2.0,2.0,2.0,2.0
Creek County,Oklahoma,0.0,0.0,0.0,0.0,0.0,0.0,0.0,0.0,0.0,0.0,0.0,0.0,0.0,1.0,1.0,1.0,1.0,1.0,1.0,1.0
Crittenden County,Arkansas,0.0,0.0,0.0,0.0,0.0,0.0,0.0,0.0,0.0,0.0,0.0,0.0,0.0,0.0,0.0,0.0,3.0,4.0,1.0,1.0
Crook County,Oregon,0.0,0.0,0.0,0.0,0.0,0.0,0.0,0.0,0.0,0.0,0.0,0.0,0.0,0.0,0.0,0.0,0.0,0.0,0.0,1.0
Culberson County,Texas,0.0,0.0,0.0,0.0,0.0,0.0,0.0,0.0,0.0,0.0,0.0,0.0,0.0,0.0,0.0,0.0,0.0,1.0,1.0,1.0
Culpeper County,Virginia,0.0,0.0,0.0,0.0,0.0,0.0,0.0,0.0,0.0,0.0,2.0,2.0,2.0,1.0,2.0,2.0,2.0,2.0,0.0,0.0
Cumberland County,Maine,1.0,4.0,2.0,1.0,1.0,1.0,1.0,1.0,2.0,1.0,0.0,1.0,1.0,1.0,1.0,1.0,1.0,1.0,1.0,2.0
Cumberland County,New Jersey,1.0,1.0,1.0,1.0,1.0,1.0,1.0,1.0,1.0,1.0,1.0,1.0,1.0,0.0,0.0,0.0,0.0,0.0,0.0,0.0
Cumberland County,North Carolina,1.0,7.0,6.0,6.0,12.0,11.0,11.0,18.0,23.0,19.0,18.0,17.0,17.0,5.0,5.0,5.0,4.0,4.0,4.0,5.0
Cumberland County,Pennsylvania,0.0,0.0,0.0,0.0,0.0,0.0,0.0,0.0,0.0,0.0,0.0,0.0,0.0,0.0,0.0,0.0,0.0,1.0,1.0,0.0
Custer County,South Dakota,0.0,0.0,0.0,0.0,0.0,0.0,0.0,0.0,0.0,0.0,0.0,1.0,1.0,1.0,1.0,1.0,1.0,1.0,1.0,1.0
Cuyahoga County,Ohio,11.0,13.0,13.0,8.0,38.0,34.0,36.0,36.0,29.0,25.0,25.0,26.0,25.0,11.0,10.0,10.0,9.0,9.0,9.0,9.0
Dallas County,Arkansas,0.0,0.0,0.0,0.0,1.0,1.0,1.0,1.0,1.0,1.0,1.0,1.0,1.0,1.0,1.0,1.0,1.0,1.0,1.0,1.0
Dallas County,Texas,0.0,8.0,21.0,22.0,17.0,15.0,14.0,14.0,13.0,13.0,13.0,13.0,16.0,13.0,11.0,15.0,15.0,15.0,8.0,8.0
Dane County,Wisconsin,0.0,0.0,0.0,0.0,0.0,0.0,0.0,0.0,0.0,0.0,0.0,3.0,2.0,0.0,1.0,1.0,1.0,1.0,0.0,0.0
Danville city,Virginia,2.0,4.0,4.0,4.0,3.0,3.0,3.0,4.0,4.0,4.0,5.0,6.0,5.0,5.0,5.0,5.0,4.0,4.0,4.0,4.0
Darlington County,South Carolina,0.0,1.0,0.0,0.0,0.0,0.0,0.0,0.0,0.0,0.0,0.0,1.0,1.0,1.0,1.0,1.0,1.0,1.0,1.0,1.0
Dauphin County,Pennsylvania,3.0,5.0,5.0,5.0,8.0,7.0,7.0,8.0,7.0,8.0,6.0,5.0,8.0,7.0,6.0,6.0,6.0,6.0,4.0,4.0
Davidson County,North Carolina,0.0,0.0,1.0,1.0,1.0,1.0,1.0,1.0,1.0,1.0,1.0,1.0,1.0,0.0,0.0,0.0,0.0,0.0,0.0,1.0
Davidson County,Tennessee,3.0,9.0,6.0,10.0,14.0,20.0,17.0,16.0,15.0,15.0,13.0,12.0,14.0,10.0,11.0,11.0,24.0,26.0,10.0,9.0
Dawes County,Nebraska,0.0,0.0,0.0,0.0,0.0,0.0,0.0,0.0,0.0,0.0,0.0,0.0,0.0,0.0,1.0,1.0,1.0,1.0,1.0,1.0
De Soto Parish,Louisiana,0.0,3.0,3.0,2.0,3.0,3.0,3.0,2.0,2.0,1.0,1.0,1.0,1.0,1.0,1.0,0.0,0.0,0.0,0.0,0.0
DeKalb County,Georgia,0.0,0.0,0.0,0.0,0.0,0.0,0.0,0.0,0.0,0.0,0.0,0.0,0.0,0.0,0.0,0.0,1.0,1.0,0.0,0.0
Delaware County,Indiana,0.0,1.0,1.0,1.0,1.0,1.0,1.0,1.0,1.0,1.0,1.0,1.0,1.0,1.0,2.0,2.0,2.0,2.0,2.0,2.0
Delaware County,New York,4.0,4.0,0.0,0.0,0.0,0.0,0.0,0.0,0.0,0.0,0.0,0.0,0.0,0.0,0.0,0.0,0.0,0.0,0.0,0.0
Delaware County,Pennsylvania,1.0,13.0,9.0,9.0,10.0,10.0,10.0,10.0,9.0,8.0,8.0,8.0,8.0,2.0,1.0,1.0,1.0,1.0,2.0,2.0
Denver County,Colorado,0.0,10.0,11.0,13.0,52.0,44.0,39.0,41.0,38.0,38.0,31.0,30.0,32.0,10.0,13.0,9.0,8.0,9.0,0.0,0.0
Des Moines County,Iowa,0.0,1.0,0.0,0.0,0.0,0.0,0.0,0.0,0.0,0.0,0.0,0.0,0.0,0.0,0.0,0.0,0.0,0.0,0.0,0.0
Deschutes County,Oregon,0.0,0.0,0.0,0.0,0.0,0.0,0.0,0.0,0.0,0.0,0.0,0.0,0.0,0.0,1.0,1.0,1.0,1.0,1.0,1.0
Dickinson County,Kansas,0.0,0.0,0.0,0.0,0.0,0.0,0.0,0.0,0.0,0.0,0.0,0.0,0.0,0.0,2.0,2.0,2.0,2.0,2.0,2.0
District of Columbia,District of Columbia,19.0,24.0,27.0,16.0,58.0,68.0,64.0,63.0,61.0,57.0,53.0,63.0,57.0,29.0,29.0,29.0,29.0,30.0,23.0,38.0
Dodge County,Georgia,2.0,2.0,2.0,2.0,2.0,1.0,1.0,1.0,1.0,1.0,1.0,1.0,1.0,1.0,1.0,1.0,1.0,1.0,1.0,1.0
Dodge County,Nebraska,0.0,2.0,2.0,2.0,2.0,2.0,2.0,2.0,1.0,1.0,1.0,1.0,3.0,2.0,2.0,2.0,2.0,2.0,2.0,2.0
Dougherty County,Georgia,5.0,5.0,5.0,4.0,4.0,4.0,4.0,4.0,4.0,4.0,4.0,4.0,3.0,3.0,3.0,1.0,1.0,2.0,1.0,1.0
Douglas County,Kansas,0.0,0.0,1.0,1.0,1.0,1.0,1.0,1.0,1.0,1.0,1.0,1.0,1.0,1.0,1.0,1.0,1.0,1.0,1.0,1.0
Douglas County,Nebraska,0.0,9.0,7.0,7.0,29.0,25.0,25.0,24.0,21.0,20.0,18.0,16.0,16.0,5.0,5.0,5.0,5.0,5.0,5.0,2.0
Douglas County,Wisconsin,0.0,0.0,0.0,0.0,0.0,0.0,0.0,0.0,0.0,0.0,0.0,0.0,0.0,0.0,1.0,1.0,1.0,1.0,1.0,1.0
Do√±a Ana County,New Mexico,0.0,0.0,0.0,1.0,1.0,1.0,1.0,1.0,1.0,2.0,1.0,1.0,2.0,2.0,2.0,1.0,1.0,1.0,1.0,1.0
Dubuque County,Iowa,0.0,3.0,3.0,1.0,2.0,2.0,2.0,2.0,2.0,2.0,2.0,2.0,2.0,2.0,4.0,4.0,1.0,1.0,1.0,1.0
Dukes County,Massachusetts,1.0,3.0,0.0,0.0,0.0,0.0,0.0,2.0,2.0,2.0,1.0,1.0,1.0,1.0,1.0,1.0,1.0,1.0,1.0,1.0
Durham County,North Carolina,5.0,10.0,7.0,7.0,15.0,30.0,30.0,31.0,30.0,30.0,27.0,27.0,21.0,4.0,4.0,4.0,4.0,6.0,4.0,4.0
Dutchess County,New York,6.0,6.0,4.0,4.0,3.0,2.0,2.0,4.0,4.0,4.0,4.0,3.0,3.0,2.0,2.0,2.0,0.0,1.0,0.0,2.0
Duval County,Florida,7.0,11.0,10.0,10.0,10.0,10.0,11.0,18.0,15.0,14.0,15.0,17.0,17.0,12.0,11.0,9.0,9.0,7.0,4.0,6.0
East Baton Rouge Parish,Louisiana,0.0,1.0,8.0,8.0,10.0,10.0,10.0,10.0,9.0,9.0,9.0,8.0,8.0,5.0,4.0,4.0,4.0,4.0,4.0,4.0
East Carroll Parish,Louisiana,0.0,0.0,0.0,0.0,0.0,0.0,0.0,0.0,0.0,0.0,1.0,1.0,1.0,0.0,0.0,0.0,0.0,0.0,0.0,0.0
Eaton County,Michigan,0.0,0.0,0.0,0.0,0.0,0.0,0.0,0.0,0.0,0.0,0.0,0.0,0.0,0.0,0.0,0.0,0.0,0.0,0.0,1.0
Eddy County,New Mexico,0.0,0.0,0.0,0.0,2.0,4.0,4.0,4.0,4.0,4.0,2.0,2.0,2.0,1.0,1.0,1.0,1.0,1.0,1.0,1.0
Edgecombe County,North Carolina,0.0,0.0,0.0,0.0,0.0,0.0,0.0,0.0,2.0,2.0,2.0,2.0,2.0,1.0,2.0,1.0,1.0,1.0,1.0,1.0
Edmonson County,Kentucky,1.0,0.0,0.0,0.0,0.0,0.0,0.0,0.0,0.0,0.0,0.0,0.0,0.0,0.0,0.0,1.0,1.0,1.0,1.0,1.0
El Paso County,Colorado,0.0,5.0,3.0,1.0,2.0,2.0,2.0,1.0,1.0,1.0,1.0,1.0,1.0,1.0,1.0,1.0,1.0,1.0,1.0,1.0
El Paso County,Texas,0.0,11.0,11.0,10.0,11.0,11.0,11.0,11.0,10.0,8.0,9.0,8.0,8.0,5.0,6.0,6.0,5.0,4.0,4.0,4.0
Elkhart County,Indiana,0.0,1.0,1.0,1.0,1.0,1.0,1.0,1.0,1.0,1.0,1.0,1.0,1.0,1.0,1.0,1.0,1.0,1.0,1.0,1.0
Elko County,Nevada,0.0,0.0,0.0,0.0,0.0,0.0,0.0,0.0,1.0,1.0,1.0,1.0,1.0,1.0,1.0,1.0,1.0,1.0,1.0,1.0
Ellis County,Texas,0.0,4.0,4.0,4.0,4.0,4.0,4.0,4.0,4.0,4.0,4.0,4.0,3.0,3.0,3.0,3.0,2.0,2.0,2.0,2.0
Emporia city,Virginia,0.0,0.0,0.0,0.0,0.0,0.0,0.0,0.0,0.0,0.0,0.0,0.0,0.0,0.0,0.0,0.0,0.0,0.0,0.0,2.0
Erie County,New York,4.0,7.0,7.0,7.0,78.0,83.0,81.0,78.0,70.0,68.0,67.0,67.0,66.0,17.0,18.0,17.0,16.0,15.0,21.0,32.0
Erie County,Ohio,0.0,1.0,1.0,0.0,0.0,0.0,0.0,0.0,2.0,2.0,2.0,2.0,2.0,1.0,1.0,1.0,1.0,1.0,1.0,1.0
Erie County,Pennsylvania,1.0,3.0,3.0,2.0,1.0,1.0,1.0,1.0,1.0,1.0,1.0,1.0,1.0,1.0,1.0,1.0,1.0,1.0,4.0,4.0
Escambia County,Alabama,0.0,0.0,0.0,0.0,0.0,0.0,0.0,0.0,0.0,0.0,0.0,0.0,0.0,0.0,0.0,0.0,0.0,0.0,1.0,3.0
Escambia County,Florida,1.0,1.0,1.0,0.0,2.0,2.0,2.0,5.0,6.0,6.0,6.0,6.0,6.0,2.0,2.0,4.0,4.0,4.0,0.0,0.0
Essex County,Massachusetts,0.0,1.0,1.0,2.0,1.0,1.0,1.0,1.0,1.0,1.0,2.0,1.0,0.0,0.0,0.0,0.0,0.0,0.0,0.0,0.0
Essex County,New Jersey,46.0,67.0,61.0,72.0,87.0,104.0,99.0,95.0,93.0,96.0,89.0,85.0,83.0,17.0,17.0,18.0,17.0,16.0,12.0,11.0
Essex County,New York,1.0,1.0,0.0,0.0,0.0,0.0,0.0,0.0,0.0,0.0,0.0,0.0,0.0,0.0,0.0,0.0,0.0,1.0,1.0,1.0
Essex County,Virginia,0.0,1.0,2.0,2.0,3.0,3.0,3.0,4.0,3.0,3.0,3.0,3.0,3.0,2.0,2.0,2.0,2.0,3.0,2.0,3.0
Etowah County,Alabama,5.0,5.0,4.0,4.0,2.0,2.0,2.0,2.0,2.0,2.0,2.0,2.0,2.0,4.0,4.0,4.0,8.0,9.0,5.0,5.0
Fairbanks North Star Borough,Alaska,0.0,0.0,0.0,0.0,0.0,1.0,1.0,1.0,1.0,1.0,1.0,1.0,1.0,1.0,1.0,1.0,1.0,1.0,1.0,3.0
Fairfield County,Connecticut,6.0,4.0,3.0,5.0,6.0,6.0,6.0,6.0,7.0,7.0,6.0,6.0,6.0,5.0,5.0,4.0,4.0,4.0,4.0,10.0
Faulkner County,Arkansas,0.0,0.0,0.0,0.0,0.0,0.0,0.0,0.0,0.0,0.0,0.0,0.0,0.0,0.0,0.0,0.0,0.0,1.0,1.0,1.0
Fauquier County,Virginia,0.0,0.0,0.0,0.0,8.0,8.0,10.0,10.0,10.0,10.0,8.0,8.0,8.0,1.0,1.0,0.0,0.0,0.0,0.0,0.0
Fayette County,Kentucky,0.0,1.0,1.0,1.0,0.0,1.0,3.0,1.0,1.0,1.0,0.0,1.0,1.0,1.0,3.0,3.0,4.0,4.0,4.0,3.0
Fayette County,West Virginia,0.0,0.0,0.0,0.0,0.0,0.0,5.0,4.0,4.0,4.0,4.0,4.0,4.0,1.0,1.0,1.0,1.0,1.0,1.0,1.0
Finney County,Kansas,0.0,0.0,0.0,0.0,0.0,0.0,0.0,0.0,0.0,0.0,0.0,0.0,0.0,0.0,1.0,1.0,1.0,1.0,1.0,1.0
Flathead County,Montana,0.0,0.0,0.0,0.0,0.0,0.0,0.0,0.0,0.0,0.0,0.0,0.0,0.0,0.0,2.0,2.0,2.0,2.0,2.0,2.0
Florence County,South Carolina,2.0,2.0,2.0,1.0,2.0,2.0,3.0,3.0,3.0,3.0,6.0,6.0,6.0,5.0,6.0,6.0,3.0,3.0,2.0,1.0
Floyd County,Indiana,0.0,3.0,3.0,2.0,1.0,1.0,0.0,0.0,0.0,0.0,0.0,0.0,0.0,0.0,0.0,0.0,0.0,0.0,0.0,0.0
Fond du Lac County,Wisconsin,0.0,2.0,2.0,2.0,2.0,2.0,2.0,2.0,2.0,2.0,2.0,2.0,2.0,2.0,2.0,2.0,1.0,1.0,0.0,0.0
Ford County,Kansas,0.0,1.0,1.0,0.0,0.0,0.0,0.0,0.0,0.0,0.0,0.0,0.0,0.0,0.0,1.0,1.0,1.0,1.0,1.0,1.0
Forrest County,Mississippi,0.0,3.0,3.0,3.0,3.0,3.0,3.0,3.0,3.0,3.0,3.0,3.0,3.0,5.0,4.0,5.0,5.0,5.0,4.0,4.0
Forsyth County,North Carolina,7.0,10.0,10.0,11.0,6.0,6.0,6.0,4.0,4.0,5.0,4.0,4.0,5.0,4.0,4.0,3.0,3.0,5.0,1.0,1.0
Franklin County,Kansas,0.0,4.0,4.0,4.0,2.0,1.0,1.0,1.0,1.0,1.0,1.0,1.0,1.0,1.0,0.0,0.0,0.0,0.0,0.0,0.0
Franklin County,Missouri,0.0,0.0,0.0,0.0,0.0,0.0,0.0,0.0,0.0,0.0,0.0,0.0,0.0,0.0,0.0,0.0,0.0,1.0,1.0,1.0
Franklin County,New York,1.0,1.0,0.0,0.0,0.0,0.0,0.0,0.0,0.0,0.0,0.0,0.0,0.0,0.0,0.0,0.0,0.0,0.0,0.0,0.0
Franklin County,Ohio,4.0,8.0,9.0,4.0,19.0,18.0,18.0,50.0,66.0,69.0,62.0,56.0,51.0,22.0,19.0,21.0,20.0,19.0,15.0,14.0
Franklin County,Pennsylvania,3.0,3.0,3.0,1.0,0.0,0.0,0.0,0.0,0.0,0.0,0.0,1.0,1.0,1.0,0.0,0.0,0.0,0.0,0.0,0.0
Frederick County,Maryland,3.0,4.0,4.0,4.0,4.0,3.0,3.0,3.0,3.0,3.0,3.0,3.0,3.0,3.0,3.0,3.0,3.0,3.0,3.0,3.0
Frederick County,Virginia,1.0,1.0,1.0,1.0,1.0,0.0,0.0,0.0,0.0,0.0,0.0,0.0,0.0,0.0,0.0,0.0,0.0,0.0,0.0,0.0
Fredericksburg city,Virginia,3.0,3.0,3.0,3.0,2.0,2.0,3.0,3.0,3.0,3.0,3.0,3.0,3.0,2.0,3.0,3.0,3.0,3.0,3.0,0.0
Fremont County,Idaho,0.0,0.0,0.0,0.0,0.0,0.0,0.0,0.0,0.0,0.0,0.0,0.0,0.0,0.0,1.0,1.0,1.0,1.0,1.0,1.0
Fresno County,California,0.0,1.0,1.0,1.0,20.0,17.0,15.0,15.0,12.0,11.0,11.0,11.0,9.0,2.0,5.0,5.0,5.0,5.0,4.0,4.0
Fulton County,Georgia,12.0,18.0,15.0,11.0,22.0,22.0,21.0,30.0,31.0,24.0,24.0,23.0,24.0,10.0,11.0,12.0,14.0,14.0,12.0,12.0
Galveston County,Texas,0.0,4.0,4.0,4.0,6.0,16.0,15.0,14.0,13.0,13.0,12.0,11.0,12.0,5.0,4.0,5.0,5.0,5.0,5.0,4.0
Garfield County,Oklahoma,0.0,15.0,11.0,10.0,5.0,4.0,4.0,3.0,3.0,3.0,3.0,3.0,2.0,2.0,2.0,2.0,1.0,1.0,1.0,1.0
Garfield County,Utah,0.0,0.0,0.0,0.0,0.0,0.0,0.0,0.0,0.0,0.0,0.0,0.0,0.0,0.0,0.0,1.0,1.0,1.0,1.0,1.0
Garland County,Arkansas,0.0,12.0,11.0,10.0,11.0,12.0,11.0,9.0,8.0,9.0,8.0,8.0,11.0,7.0,16.0,20.0,33.0,33.0,22.0,22.0
Garrard County,Kentucky,0.0,0.0,0.0,0.0,6.0,6.0,6.0,6.0,6.0,6.0,6.0,5.0,5.0,3.0,3.0,0.0,0.0,0.0,0.0,0.0
Gaston County,North Carolina,1.0,1.0,1.0,1.0,1.0,1.0,1.0,0.0,0.0,0.0,0.0,0.0,0.0,0.0,0.0,0.0,0.0,1.0,0.0,0.0
Geary County,Kansas,0.0,2.0,3.0,3.0,2.0,2.0,2.0,2.0,2.0,2.0,2.0,2.0,1.0,1.0,2.0,2.0,1.0,1.0,1.0,1.0
Genesee County,Michigan,0.0,4.0,3.0,3.0,3.0,3.0,3.0,2.0,2.0,2.0,2.0,2.0,2.0,2.0,3.0,3.0,3.0,3.0,3.0,3.0
Geneva County,Alabama,3.0,3.0,3.0,2.0,2.0,0.0,0.0,0.0,0.0,0.0,0.0,0.0,0.0,0.0,0.0,0.0,0.0,0.0,0.0,0.0
Georgetown County,South Carolina,5.0,5.0,5.0,5.0,5.0,5.0,5.0,5.0,5.0,5.0,5.0,5.0,4.0,4.0,4.0,4.0,4.0,4.0,4.0,0.0
Gibson County,Tennessee,0.0,0.0,0.0,0.0,0.0,0.0,0.0,0.0,0.0,0.0,0.0,0.0,0.0,1.0,1.0,1.0,1.0,1.0,2.0,1.0
Giles County,Tennessee,0.0,0.0,0.0,0.0,0.0,0.0,0.0,0.0,0.0,0.0,0.0,0.0,0.0,0.0,0.0,0.0,1.0,1.0,0.0,0.0
Gloucester County,New Jersey,0.0,0.0,0.0,0.0,2.0,2.0,2.0,2.0,2.0,2.0,2.0,2.0,2.0,1.0,1.0,0.0,0.0,0.0,0.0,0.0
Gloucester County,Virginia,0.0,0.0,0.0,0.0,0.0,0.0,0.0,0.0,0.0,0.0,0.0,0.0,0.0,0.0,0.0,0.0,0.0,2.0,2.0,1.0
Glynn County,Georgia,0.0,1.0,1.0,1.0,1.0,13.0,13.0,11.0,10.0,9.0,8.0,8.0,7.0,2.0,2.0,2.0,2.0,2.0,3.0,3.0
Grady County,Oklahoma,0.0,0.0,0.0,0.0,1.0,1.0,1.0,1.0,1.0,1.0,1.0,1.0,1.0,1.0,1.0,1.0,1.0,1.0,0.0,0.0
Grafton County,New Hampshire,1.0,1.0,0.0,0.0,0.0,0.0,0.0,0.0,0.0,0.0,0.0,1.0,1.0,1.0,1.0,2.0,2.0,2.0,1.0,1.0
Graham County,Kansas,0.0,0.0,0.0,0.0,1.0,1.0,1.0,1.0,1.0,1.0,1.0,1.0,1.0,1.0,1.0,1.0,0.0,0.0,0.0,0.0
Grant County,Indiana,0.0,2.0,2.0,2.0,1.0,1.0,1.0,4.0,4.0,5.0,5.0,5.0,5.0,4.0,4.0,4.0,4.0,4.0,2.0,2.0
Grant County,Washington,0.0,0.0,0.0,0.0,0.0,0.0,0.0,0.0,0.0,0.0,0.0,0.0,0.0,0.0,1.0,1.0,1.0,1.0,1.0,1.0
Greenbrier County,West Virginia,0.0,0.0,0.0,1.0,2.0,2.0,4.0,4.0,4.0,4.0,3.0,3.0,3.0,0.0,1.0,1.0,1.0,1.0,1.0,1.0
Greene County,Georgia,3.0,3.0,3.0,3.0,3.0,3.0,0.0,0.0,0.0,0.0,0.0,0.0,0.0,0.0,0.0,0.0,0.0,0.0,0.0,0.0
Greene County,Missouri,0.0,2.0,3.0,3.0,1.0,1.0,1.0,2.0,1.0,1.0,0.0,1.0,1.0,1.0,1.0,2.0,2.0,2.0,1.0,1.0
Greene County,New York,4.0,4.0,0.0,0.0,0.0,0.0,0.0,2.0,2.0,2.0,2.0,2.0,2.0,2.0,2.0,2.0,2.0,2.0,1.0,0.0
Greenville County,South Carolina,0.0,3.0,2.0,1.0,7.0,11.0,8.0,8.0,8.0,8.0,8.0,7.0,6.0,3.0,3.0,3.0,3.0,3.0,3.0,0.0
Gregg County,Texas,0.0,0.0,0.0,0.0,0.0,0.0,0.0,0.0,0.0,0.0,0.0,0.0,0.0,0.0,0.0,0.0,1.0,1.0,1.0,1.0
Grenada County,Mississippi,0.0,3.0,3.0,3.0,3.0,3.0,3.0,2.0,2.0,2.0,3.0,3.0,1.0,1.0,1.0,1.0,0.0,0.0,0.0,0.0
Guadalupe County,New Mexico,0.0,0.0,0.0,0.0,0.0,0.0,0.0,0.0,0.0,0.0,0.0,0.0,0.0,0.0,1.0,1.0,1.0,1.0,1.0,1.0
Guernsey County,Ohio,0.0,0.0,0.0,0.0,0.0,0.0,0.0,0.0,0.0,0.0,0.0,0.0,1.0,1.0,0.0,0.0,0.0,0.0,0.0,0.0
Guilford County,North Carolina,4.0,8.0,8.0,10.0,11.0,10.0,9.0,10.0,11.0,11.0,10.0,9.0,10.0,6.0,6.0,6.0,4.0,7.0,4.0,3.0
Haakon County,South Dakota,0.0,0.0,0.0,0.0,0.0,0.0,0.0,0.0,0.0,0.0,0.0,0.0,1.0,1.0,1.0,1.0,1.0,1.0,1.0,1.0
Halifax County,North Carolina,2.0,2.0,2.0,2.0,2.0,2.0,2.0,3.0,3.0,3.0,3.0,3.0,3.0,2.0,2.0,2.0,2.0,2.0,2.0,2.0
Hall County,Nebraska,0.0,0.0,0.0,0.0,1.0,1.0,1.0,0.0,0.0,0.0,0.0,0.0,0.0,0.0,0.0,0.0,0.0,0.0,0.0,0.0
Hamilton County,Ohio,0.0,10.0,14.0,15.0,44.0,106.0,104.0,95.0,88.0,82.0,72.0,68.0,66.0,17.0,13.0,13.0,10.0,10.0,7.0,7.0
Hamilton County,Tennessee,8.0,11.0,9.0,10.0,14.0,13.0,11.0,23.0,25.0,26.0,26.0,25.0,24.0,12.0,12.0,12.0,21.0,19.0,11.0,13.0
Hampden County,Massachusetts,0.0,3.0,3.0,2.0,4.0,4.0,4.0,4.0,4.0,4.0,4.0,4.0,4.0,0.0,1.0,1.0,1.0,1.0,1.0,1.0
Hampton city,Virginia,1.0,1.0,1.0,1.0,8.0,8.0,13.0,13.0,12.0,12.0,13.0,13.0,12.0,4.0,4.0,4.0,4.0,4.0,6.0,6.0
Hancock County,Illinois,0.0,0.0,0.0,0.0,0.0,0.0,0.0,0.0,0.0,0.0,0.0,0.0,0.0,0.0,1.0,1.0,1.0,1.0,1.0,1.0
Hancock County,Indiana,0.0,0.0,0.0,0.0,0.0,0.0,0.0,1.0,1.0,1.0,0.0,0.0,0.0,0.0,0.0,0.0,0.0,0.0,0.0,0.0
Hancock County,Mississippi,0.0,0.0,0.0,0.0,0.0,0.0,0.0,0.0,0.0,0.0,0.0,0.0,0.0,0.0,0.0,0.0,0.0,1.0,0.0,0.0
Hancock County,West Virginia,0.0,0.0,0.0,0.0,0.0,0.0,0.0,1.0,1.0,1.0,2.0,2.0,1.0,0.0,0.0,0.0,0.0,0.0,0.0,0.0
Hanover County,Virginia,0.0,0.0,1.0,0.0,0.0,1.0,1.0,1.0,1.0,1.0,1.0,1.0,1.0,0.0,0.0,0.0,0.0,2.0,1.0,1.0
Hardin County,Kentucky,0.0,4.0,4.0,4.0,3.0,3.0,3.0,3.0,3.0,2.0,2.0,2.0,1.0,1.0,1.0,1.0,2.0,2.0,1.0,1.0
Harford County,Maryland,0.0,0.0,0.0,0.0,0.0,1.0,1.0,1.0,1.0,1.0,1.0,1.0,1.0,1.0,2.0,1.0,1.0,1.0,1.0,1.0
Harnett County,North Carolina,0.0,1.0,1.0,1.0,1.0,1.0,1.0,2.0,2.0,2.0,2.0,1.0,1.0,1.0,1.0,0.0,0.0,0.0,0.0,0.0
Harris County,Texas,0.0,9.0,10.0,10.0,12.0,32.0,28.0,28.0,29.0,26.0,32.0,32.0,33.0,10.0,11.0,13.0,13.0,11.0,10.0,10.0
Harrison County,Mississippi,0.0,4.0,4.0,4.0,3.0,3.0,2.0,2.0,2.0,2.0,2.0,2.0,2.0,2.0,2.0,2.0,2.0,2.0,2.0,2.0
Harrison County,Ohio,0.0,0.0,0.0,0.0,0.0,0.0,0.0,0.0,0.0,0.0,1.0,1.0,1.0,1.0,1.0,1.0,1.0,1.0,1.0,0.0
Harrison County,Texas,0.0,0.0,1.0,1.0,1.0,6.0,6.0,6.0,5.0,6.0,4.0,4.0,4.0,2.0,2.0,2.0,7.0,6.0,5.0,5.0
Harrison County,West Virginia,0.0,0.0,0.0,0.0,0.0,0.0,7.0,7.0,7.0,7.0,7.0,6.0,5.0,2.0,2.0,2.0,2.0,2.0,2.0,2.0
Harrisonburg city,Virginia,0.0,2.0,2.0,2.0,1.0,1.0,1.0,1.0,1.0,1.0,1.0,1.0,1.0,1.0,1.0,1.0,1.0,1.0,1.0,0.0
Hartford County,Connecticut,3.0,9.0,8.0,7.0,5.0,5.0,5.0,16.0,16.0,15.0,14.0,14.0,13.0,1.0,2.0,2.0,2.0,2.0,2.0,7.0
Hawaii County,Hawaii,0.0,0.0,0.0,0.0,0.0,0.0,0.0,0.0,0.0,0.0,0.0,0.0,0.0,0.0,0.0,0.0,0.0,0.0,0.0,6.0
Hempstead County,Arkansas,0.0,0.0,0.0,0.0,1.0,8.0,8.0,7.0,7.0,7.0,6.0,7.0,7.0,2.0,2.0,2.0,2.0,2.0,2.0,2.0
Henderson County,North Carolina,0.0,0.0,0.0,0.0,0.0,0.0,0.0,0.0,0.0,0.0,0.0,0.0,0.0,0.0,0.0,0.0,1.0,1.0,0.0,0.0
Henderson County,Tennessee,2.0,1.0,1.0,1.0,1.0,1.0,1.0,1.0,1.0,1.0,1.0,1.0,0.0,1.0,0.0,0.0,0.0,0.0,0.0,0.0
Hennepin County,Minnesota,0.0,1.0,2.0,4.0,4.0,17.0,17.0,15.0,15.0,15.0,13.0,14.0,13.0,3.0,5.0,5.0,4.0,6.0,1.0,1.0
Henrico County,Virginia,0.0,0.0,1.0,2.0,2.0,2.0,2.0,1.0,0.0,0.0,0.0,0.0,0.0,0.0,0.0,0.0,0.0,0.0,0.0,0.0
Hidalgo County,New Mexico,0.0,0.0,0.0,0.0,0.0,0.0,0.0,1.0,1.0,1.0,1.0,1.0,1.0,1.0,1.0,1.0,1.0,1.0,1.0,1.0
Highlands County,Florida,0.0,0.0,1.0,1.0,1.0,1.0,1.0,1.0,1.0,1.0,1.0,1.0,0.0,0.0,0.0,0.0,0.0,0.0,0.0,0.0
Hillsborough County,Florida,3.0,3.0,3.0,7.0,5.0,6.0,5.0,21.0,19.0,16.0,16.0,15.0,13.0,4.0,4.0,4.0,4.0,4.0,6.0,6.0
Hillsborough County,New Hampshire,0.0,0.0,0.0,0.0,0.0,0.0,0.0,0.0,0.0,0.0,0.0,0.0,0.0,0.0,1.0,1.0,1.0,1.0,1.0,1.0
Hinds County,Mississippi,0.0,0.0,0.0,0.0,8.0,8.0,16.0,16.0,15.0,15.0,13.0,11.0,10.0,3.0,4.0,4.0,4.0,4.0,3.0,3.0
Hoke County,North Carolina,0.0,0.0,0.0,0.0,0.0,0.0,0.0,0.0,0.0,0.0,0.0,0.0,0.0,1.0,0.0,0.0,0.0,0.0,0.0,0.0
Honolulu County,Hawaii,0.0,0.0,0.0,0.0,0.0,0.0,0.0,0.0,0.0,0.0,0.0,0.0,0.0,0.0,0.0,0.0,0.0,0.0,0.0,20.0
Horry County,South Carolina,1.0,1.0,0.0,0.0,0.0,1.0,1.0,4.0,4.0,4.0,4.0,4.0,3.0,4.0,3.0,3.0,3.0,2.0,2.0,0.0
Hot Spring County,Arkansas,0.0,0.0,1.0,1.0,1.0,1.0,1.0,1.0,1.0,1.0,1.0,1.0,1.0,1.0,1.0,1.0,2.0,2.0,0.0,0.0
Houston County,Alabama,0.0,0.0,0.0,0.0,0.0,0.0,0.0,0.0,0.0,0.0,0.0,0.0,0.0,0.0,0.0,0.0,0.0,1.0,1.0,1.0
Houston County,Georgia,0.0,0.0,0.0,0.0,0.0,0.0,0.0,0.0,0.0,0.0,0.0,0.0,0.0,0.0,0.0,1.0,1.0,1.0,1.0,1.0
Howard County,Indiana,0.0,4.0,4.0,4.0,4.0,4.0,3.0,3.0,3.0,3.0,3.0,3.0,3.0,3.0,3.0,3.0,3.0,3.0,3.0,3.0
Howard County,Maryland,1.0,1.0,1.0,1.0,0.0,0.0,0.0,0.0,0.0,0.0,0.0,0.0,0.0,0.0,2.0,1.0,1.0,1.0,1.0,1.0
Hudson County,New Jersey,1.0,2.0,2.0,2.0,6.0,7.0,6.0,6.0,5.0,5.0,4.0,3.0,3.0,0.0,0.0,0.0,0.0,0.0,0.0,0.0
Hughes County,South Dakota,0.0,0.0,0.0,0.0,1.0,1.0,0.0,0.0,0.0,0.0,0.0,0.0,0.0,0.0,0.0,0.0,0.0,0.0,0.0,0.0
Huron County,Michigan,0.0,0.0,0.0,0.0,0.0,0.0,0.0,0.0,0.0,0.0,0.0,0.0,0.0,0.0,0.0,1.0,1.0,1.0,0.0,0.0
Iberia Parish,Louisiana,0.0,3.0,3.0,2.0,2.0,2.0,2.0,2.0,2.0,2.0,2.0,2.0,2.0,2.0,2.0,2.0,2.0,2.0,2.0,2.0
Imperial County,California,0.0,4.0,4.0,3.0,3.0,3.0,3.0,4.0,4.0,4.0,2.0,3.0,3.0,3.0,2.0,1.0,0.0,0.0,0.0,0.0
Indiana County,Pennsylvania,1.0,0.0,1.0,0.0,0.0,0.0,0.0,0.0,0.0,0.0,0.0,0.0,0.0,0.0,0.0,0.0,0.0,0.0,0.0,0.0
Ingham County,Michigan,0.0,5.0,5.0,1.0,5.0,5.0,5.0,3.0,3.0,3.0,3.0,3.0,3.0,3.0,2.0,2.0,2.0,2.0,2.0,2.0
Iosco County,Michigan,0.0,0.0,0.0,0.0,1.0,1.0,1.0,1.0,1.0,1.0,1.0,1.0,1.0,1.0,1.0,1.0,1.0,1.0,1.0,1.0
Iredell County,North Carolina,0.0,0.0,0.0,0.0,0.0,0.0,0.0,0.0,0.0,0.0,0.0,0.0,0.0,0.0,0.0,1.0,1.0,3.0,3.0,3.0
Iron County,Utah,0.0,0.0,0.0,0.0,0.0,0.0,0.0,0.0,0.0,0.0,0.0,0.0,0.0,0.0,1.0,1.0,1.0,1.0,1.0,1.0
Itasca County,Minnesota,0.0,0.0,0.0,0.0,0.0,0.0,0.0,0.0,0.0,0.0,0.0,0.0,0.0,0.0,0.0,0.0,0.0,1.0,1.0,1.0
Jackson County,Alabama,0.0,0.0,0.0,0.0,0.0,0.0,0.0,0.0,0.0,0.0,0.0,0.0,0.0,0.0,0.0,0.0,1.0,1.0,0.0,0.0
Jackson County,Arkansas,0.0,0.0,0.0,0.0,0.0,0.0,0.0,0.0,0.0,0.0,0.0,0.0,0.0,0.0,0.0,1.0,1.0,1.0,1.0,1.0
Jackson County,Illinois,0.0,0.0,0.0,0.0,0.0,0.0,0.0,0.0,0.0,0.0,0.0,0.0,0.0,0.0,0.0,0.0,0.0,1.0,1.0,1.0
Jackson County,Michigan,0.0,3.0,3.0,2.0,2.0,2.0,2.0,1.0,1.0,1.0,1.0,1.0,1.0,2.0,2.0,2.0,2.0,2.0,1.0,2.0
Jackson County,Mississippi,0.0,0.0,0.0,0.0,0.0,0.0,0.0,0.0,0.0,1.0,1.0,1.0,1.0,1.0,1.0,1.0,1.0,2.0,1.0,2.0
Jackson County,Missouri,0.0,6.0,8.0,7.0,41.0,58.0,57.0,73.0,62.0,57.0,48.0,46.0,44.0,16.0,14.0,14.0,13.0,13.0,12.0,34.0
Jasper County,Iowa,0.0,0.0,0.0,0.0,0.0,0.0,0.0,0.0,0.0,0.0,0.0,0.0,0.0,0.0,0.0,1.0,1.0,1.0,1.0,1.0
Jasper County,Missouri,0.0,5.0,5.0,6.0,4.0,4.0,4.0,3.0,3.0,3.0,3.0,3.0,4.0,4.0,1.0,1.0,1.0,1.0,0.0,0.0
Jefferson County,Alabama,4.0,5.0,5.0,5.0,4.0,4.0,4.0,3.0,3.0,3.0,4.0,4.0,4.0,4.0,4.0,4.0,4.0,4.0,4.0,4.0
Jefferson County,Arkansas,0.0,5.0,5.0,5.0,14.0,13.0,12.0,10.0,10.0,10.0,9.0,9.0,9.0,4.0,4.0,3.0,11.0,11.0,3.0,3.0
Jefferson County,Kentucky,3.0,6.0,11.0,10.0,34.0,41.0,42.0,42.0,40.0,40.0,39.0,39.0,40.0,15.0,15.0,14.0,13.0,14.0,9.0,9.0
Jefferson County,New York,0.0,3.0,3.0,3.0,3.0,3.0,8.0,8.0,8.0,8.0,8.0,8.0,7.0,5.0,5.0,3.0,3.0,3.0,3.0,3.0
Jefferson County,Ohio,0.0,5.0,4.0,4.0,2.0,2.0,2.0,2.0,2.0,2.0,0.0,0.0,0.0,0.0,0.0,0.0,0.0,0.0,0.0,0.0
Jefferson County,Texas,0.0,1.0,1.0,1.0,2.0,8.0,8.0,7.0,7.0,8.0,9.0,10.0,10.0,7.0,7.0,6.0,6.0,6.0,6.0,6.0
Jefferson County,West Virginia,1.0,2.0,2.0,0.0,0.0,0.0,0.0,0.0,0.0,0.0,0.0,0.0,0.0,0.0,0.0,0.0,0.0,0.0,0.0,0.0
Jefferson Parish,Louisiana,0.0,0.0,0.0,0.0,0.0,1.0,0.0,0.0,0.0,0.0,0.0,0.0,0.0,0.0,1.0,1.0,1.0,1.0,1.0,2.0
Johnson County,Georgia,0.0,0.0,0.0,0.0,0.0,0.0,1.0,1.0,1.0,1.0,1.0,1.0,1.0,1.0,1.0,1.0,1.0,1.0,1.0,1.0
Johnson County,Illinois,0.0,0.0,0.0,0.0,0.0,0.0,0.0,0.0,0.0,0.0,0.0,0.0,1.0,1.0,1.0,1.0,1.0,1.0,1.0,1.0
Johnson County,Indiana,0.0,0.0,0.0,0.0,0.0,0.0,0.0,0.0,0.0,0.0,0.0,0.0,0.0,0.0,0.0,1.0,1.0,1.0,1.0,1.0
Johnson County,Iowa,0.0,0.0,0.0,0.0,0.0,0.0,0.0,0.0,0.0,0.0,0.0,0.0,0.0,0.0,2.0,2.0,2.0,2.0,2.0,2.0
Jones County,Mississippi,0.0,8.0,7.0,5.0,5.0,5.0,5.0,5.0,4.0,4.0,3.0,3.0,3.0,3.0,3.0,1.0,1.0,1.0,1.0,1.0
Juneau City and Borough,Alaska,0.0,0.0,0.0,0.0,0.0,0.0,0.0,0.0,0.0,0.0,0.0,0.0,0.0,0.0,0.0,0.0,0.0,0.0,1.0,1.0
Kanawha County,West Virginia,2.0,4.0,4.0,3.0,3.0,3.0,4.0,10.0,11.0,10.0,9.0,9.0,9.0,4.0,3.0,3.0,2.0,4.0,2.0,2.0
Kauai County,Hawaii,0.0,0.0,0.0,0.0,0.0,0.0,0.0,0.0,0.0,0.0,0.0,0.0,0.0,0.0,0.0,0.0,0.0,0.0,0.0,3.0
Kennebec County,Maine,0.0,1.0,1.0,1.0,2.0,1.0,1.0,0.0,0.0,0.0,1.0,1.0,2.0,1.0,2.0,2.0,2.0,0.0,1.0,0.0
Kent County,Delaware,6.0,6.0,6.0,5.0,5.0,4.0,3.0,3.0,3.0,3.0,3.0,3.0,3.0,3.0,3.0,3.0,3.0,2.0,2.0,3.0
Kent County,Michigan,0.0,1.0,0.0,0.0,0.0,0.0,0.0,0.0,0.0,0.0,0.0,0.0,0.0,0.0,1.0,1.0,1.0,1.0,1.0,1.0
Kern County,California,0.0,0.0,0.0,0.0,0.0,0.0,0.0,1.0,0.0,0.0,0.0,0.0,0.0,0.0,0.0,0.0,0.0,0.0,0.0,0.0
Ketchikan Gateway Borough,Alaska,0.0,0.0,0.0,0.0,0.0,0.0,0.0,0.0,0.0,0.0,0.0,0.0,0.0,0.0,0.0,0.0,0.0,0.0,1.0,1.0
King County,Washington,0.0,1.0,2.0,15.0,41.0,50.0,54.0,50.0,41.0,38.0,37.0,37.0,32.0,6.0,8.0,8.0,8.0,8.0,8.0,12.0
King William County,Virginia,0.0,0.0,0.0,0.0,0.0,0.0,0.0,0.0,0.0,0.0,0.0,0.0,0.0,0.0,0.0,0.0,0.0,1.0,3.0,2.0
Kingfisher County,Oklahoma,0.0,1.0,0.0,0.0,0.0,0.0,0.0,0.0,0.0,0.0,0.0,0.0,0.0,0.0,0.0,0.0,0.0,0.0,0.0,0.0
Kings County,New York,32.0,24.0,24.0,24.0,54.0,58.0,61.0,65.0,72.0,70.0,70.0,74.0,70.0,13.0,11.0,10.0,8.0,10.0,16.0,23.0
Kitsap County,Washington,0.0,0.0,0.0,0.0,0.0,0.0,0.0,0.0,0.0,0.0,0.0,0.0,0.0,0.0,1.0,1.0,1.0,1.0,1.0,1.0
Klamath County,Oregon,0.0,0.0,0.0,0.0,0.0,0.0,0.0,0.0,0.0,0.0,0.0,0.0,0.0,0.0,2.0,2.0,2.0,2.0,2.0,2.0
Knox County,Indiana,0.0,0.0,0.0,0.0,0.0,0.0,0.0,0.0,0.0,0.0,0.0,0.0,0.0,0.0,1.0,1.0,1.0,1.0,1.0,1.0
Knox County,Ohio,0.0,1.0,1.0,0.0,0.0,0.0,0.0,0.0,0.0,0.0,0.0,0.0,0.0,0.0,0.0,0.0,0.0,0.0,0.0,0.0
Knox County,Tennessee,0.0,0.0,1.0,2.0,5.0,4.0,4.0,4.0,4.0,4.0,4.0,5.0,5.0,5.0,6.0,6.0,18.0,17.0,12.0,11.0
Kootenai County,Idaho,0.0,0.0,0.0,0.0,0.0,0.0,0.0,0.0,0.0,0.0,0.0,0.0,1.0,1.0,2.0,2.0,2.0,2.0,2.0,2.0
La Crosse County,Wisconsin,0.0,0.0,0.0,0.0,0.0,0.0,0.0,0.0,0.0,0.0,0.0,0.0,0.0,0.0,2.0,2.0,2.0,2.0,2.0,2.0
LaPorte County,Indiana,0.0,1.0,1.0,1.0,1.0,1.0,1.0,1.0,1.0,1.0,1.0,1.0,1.0,1.0,1.0,1.0,1.0,1.0,1.0,1.0
LaSalle County,Illinois,0.0,1.0,1.0,1.0,1.0,1.0,1.0,1.0,0.0,0.0,0.0,0.0,0.0,0.0,0.0,0.0,0.0,0.0,0.0,0.0
Labette County,Kansas,0.0,1.0,1.0,2.0,2.0,2.0,2.0,1.0,1.0,1.0,0.0,0.0,0.0,0.0,0.0,0.0,0.0,0.0,0.0,0.0
Lackawanna County,Pennsylvania,3.0,4.0,3.0,3.0,3.0,2.0,2.0,2.0,2.0,2.0,2.0,2.0,2.0,1.0,2.0,2.0,2.0,2.0,1.0,1.0
Laclede County,Missouri,0.0,4.0,4.0,4.0,3.0,3.0,3.0,3.0,3.0,3.0,0.0,0.0,0.0,0.0,0.0,0.0,0.0,0.0,0.0,0.0
Lafayette Parish,Louisiana,0.0,2.0,2.0,3.0,3.0,2.0,2.0,2.0,2.0,2.0,2.0,1.0,1.0,1.0,1.0,1.0,1.0,1.0,1.0,1.0
Lake County,Illinois,0.0,2.0,1.0,1.0,1.0,1.0,1.0,0.0,0.0,0.0,0.0,0.0,0.0,0.0,0.0,0.0,0.0,0.0,0.0,0.0
Lake County,Indiana,0.0,1.0,1.0,1.0,1.0,1.0,1.0,7.0,7.0,5.0,5.0,5.0,5.0,3.0,3.0,2.0,2.0,2.0,2.0,2.0
Lake County,Michigan,0.0,7.0,18.0,11.0,8.0,25.0,25.0,25.0,24.0,23.0,28.0,22.0,22.0,18.0,18.0,18.0,18.0,18.0,18.0,16.0
Lamar County,Texas,0.0,3.0,3.0,3.0,2.0,2.0,2.0,2.0,2.0,2.0,2.0,2.0,2.0,2.0,2.0,2.0,2.0,2.0,2.0,0.0
Lancaster County,Nebraska,0.0,4.0,4.0,2.0,5.0,3.0,3.0,3.0,3.0,3.0,3.0,3.0,4.0,2.0,4.0,3.0,3.0,3.0,2.0,2.0
Lancaster County,Pennsylvania,3.0,3.0,3.0,3.0,3.0,3.0,3.0,3.0,3.0,3.0,3.0,3.0,3.0,0.0,0.0,0.0,0.0,0.0,0.0,0.0
Lane County,Oregon,0.0,0.0,0.0,0.0,0.0,0.0,0.0,0.0,0.0,0.0,0.0,0.0,0.0,0.0,1.0,1.0,1.0,1.0,1.0,1.0
Laramie County,Wyoming,0.0,3.0,3.0,3.0,2.0,2.0,2.0,2.0,2.0,1.0,1.0,0.0,0.0,0.0,0.0,1.0,1.0,1.0,1.0,1.0
Las Animas County,Colorado,0.0,1.0,1.0,1.0,1.0,1.0,1.0,1.0,0.0,0.0,0.0,0.0,0.0,0.0,0.0,0.0,0.0,0.0,0.0,0.0
Lauderdale County,Alabama,0.0,0.0,0.0,0.0,0.0,0.0,0.0,0.0,0.0,0.0,0.0,0.0,0.0,0.0,0.0,0.0,2.0,2.0,1.0,1.0
Lauderdale County,Mississippi,0.0,4.0,4.0,2.0,5.0,4.0,4.0,4.0,4.0,4.0,4.0,5.0,5.0,9.0,8.0,7.0,7.0,6.0,5.0,4.0
Laurens County,Georgia,4.0,4.0,3.0,3.0,3.0,3.0,3.0,3.0,2.0,2.0,1.0,1.0,1.0,1.0,1.0,1.0,1.0,2.0,2.0,2.0
Laurens County,South Carolina,0.0,0.0,0.0,0.0,0.0,1.0,1.0,1.0,1.0,1.0,1.0,1.0,1.0,0.0,0.0,0.0,0.0,0.0,0.0,0.0
Lawrence County,Alabama,0.0,0.0,0.0,0.0,0.0,0.0,0.0,0.0,0.0,0.0,0.0,0.0,0.0,0.0,0.0,0.0,1.0,1.0,1.0,1.0
Lawrence County,Pennsylvania,0.0,0.0,0.0,1.0,1.0,1.0,1.0,1.0,1.0,1.0,1.0,1.0,1.0,1.0,1.0,1.0,1.0,1.0,1.0,1.0
Leavenworth County,Kansas,0.0,3.0,3.0,2.0,2.0,2.0,2.0,2.0,2.0,1.0,1.0,1.0,0.0,0.0,1.0,1.0,1.0,1.0,1.0,1.0
Lee County,Alabama,0.0,0.0,0.0,0.0,0.0,0.0,0.0,0.0,0.0,0.0,0.0,0.0,0.0,0.0,0.0,0.0,6.0,4.0,0.0,0.0
Lee County,Iowa,0.0,0.0,0.0,0.0,0.0,0.0,0.0,0.0,0.0,0.0,1.0,1.0,0.0,0.0,0.0,0.0,0.0,0.0,0.0,0.0
Lee County,North Carolina,1.0,1.0,1.0,1.0,3.0,3.0,3.0,3.0,3.0,3.0,1.0,1.0,1.0,0.0,0.0,0.0,0.0,0.0,0.0,0.0
Lehigh County,Pennsylvania,2.0,3.0,1.0,1.0,3.0,1.0,1.0,1.0,1.0,1.0,1.0,1.0,1.0,1.0,1.0,1.0,1.0,1.0,1.0,1.0
Lenoir County,North Carolina,0.0,0.0,0.0,0.0,0.0,0.0,0.0,2.0,1.0,1.0,2.0,2.0,2.0,1.0,1.0,2.0,2.0,2.0,2.0,2.0
Leon County,Florida,0.0,0.0,0.0,0.0,0.0,0.0,0.0,0.0,0.0,0.0,0.0,0.0,0.0,1.0,1.0,1.0,1.0,1.0,1.0,1.0
Lewis and Clark County,Montana,0.0,1.0,1.0,1.0,1.0,1.0,1.0,1.0,1.0,0.0,0.0,0.0,0.0,2.0,2.0,2.0,2.0,2.0,2.0,2.0
Lexington city,Virginia,0.0,2.0,2.0,2.0,3.0,3.0,3.0,3.0,3.0,3.0,3.0,3.0,3.0,3.0,3.0,2.0,2.0,2.0,2.0,2.0
Licking County,Ohio,0.0,2.0,1.0,1.0,0.0,0.0,0.0,0.0,0.0,0.0,0.0,0.0,0.0,0.0,0.0,0.0,0.0,0.0,0.0,0.0
Limestone County,Texas,0.0,4.0,4.0,4.0,9.0,9.0,9.0,9.0,9.0,9.0,9.0,9.0,9.0,2.0,2.0,2.0,2.0,2.0,1.0,1.0
Lincoln County,Oregon,0.0,0.0,0.0,0.0,0.0,0.0,0.0,0.0,0.0,0.0,0.0,0.0,0.0,0.0,0.0,0.0,0.0,1.0,1.0,1.0
Lincoln County,Tennessee,0.0,0.0,0.0,0.0,0.0,0.0,0.0,0.0,0.0,0.0,0.0,0.0,0.0,0.0,0.0,1.0,0.0,0.0,0.0,0.0
Linn County,Iowa,0.0,1.0,1.0,2.0,2.0,2.0,2.0,2.0,2.0,2.0,1.0,2.0,2.0,2.0,2.0,4.0,4.0,4.0,2.0,2.0
Litchfield County,Connecticut,0.0,0.0,0.0,1.0,0.0,0.0,0.0,0.0,0.0,0.0,0.0,0.0,0.0,0.0,2.0,2.0,2.0,2.0,2.0,2.0
Livingston County,Michigan,0.0,0.0,0.0,0.0,0.0,0.0,0.0,1.0,1.0,1.0,0.0,0.0,0.0,0.0,0.0,0.0,0.0,0.0,0.0,0.0
Logan County,Oklahoma,0.0,3.0,3.0,3.0,2.0,2.0,2.0,2.0,2.0,2.0,2.0,2.0,2.0,2.0,1.0,1.0,1.0,0.0,0.0,0.0
Lorain County,Ohio,0.0,9.0,9.0,8.0,6.0,6.0,6.0,6.0,7.0,7.0,7.0,7.0,7.0,5.0,5.0,5.0,4.0,4.0,4.0,4.0
Los Angeles County,California,0.0,15.0,19.0,23.0,115.0,99.0,101.0,89.0,87.0,83.0,80.0,72.0,69.0,25.0,25.0,21.0,22.0,25.0,22.0,31.0
Lowndes County,Georgia,0.0,0.0,0.0,0.0,0.0,0.0,0.0,0.0,0.0,0.0,0.0,0.0,0.0,1.0,1.0,1.0,1.0,2.0,1.0,1.0
Lowndes County,Mississippi,0.0,5.0,5.0,5.0,6.0,6.0,6.0,6.0,6.0,6.0,5.0,5.0,5.0,5.0,5.0,4.0,4.0,4.0,3.0,3.0
Lucas County,Ohio,2.0,4.0,4.0,5.0,12.0,11.0,11.0,11.0,11.0,11.0,11.0,11.0,9.0,5.0,5.0,4.0,4.0,4.0,4.0,4.0
Luna County,New Mexico,0.0,1.0,1.0,0.0,1.0,0.0,0.0,0.0,0.0,0.0,0.0,0.0,1.0,1.0,2.0,2.0,2.0,2.0,2.0,2.0
Luzerne County,Pennsylvania,1.0,1.0,1.0,1.0,1.0,1.0,1.0,1.0,1.0,1.0,1.0,1.0,1.0,1.0,1.0,1.0,1.0,1.0,1.0,1.0
Lycoming County,Pennsylvania,4.0,4.0,3.0,2.0,1.0,1.0,1.0,1.0,1.0,1.0,1.0,1.0,1.0,1.0,1.0,1.0,1.0,0.0,0.0,0.0
Lynchburg city,Virginia,7.0,10.0,10.0,11.0,9.0,9.0,6.0,6.0,6.0,5.0,5.0,7.0,7.0,6.0,5.0,7.0,6.0,6.0,4.0,4.0
Lyon County,Kansas,0.0,0.0,0.0,0.0,1.0,1.0,1.0,1.0,1.0,1.0,1.0,1.0,1.0,1.0,1.0,1.0,1.0,1.0,1.0,1.0
Macomb County,Michigan,0.0,0.0,0.0,1.0,1.0,0.0,0.0,0.0,0.0,0.0,0.0,0.0,0.0,0.0,0.0,0.0,0.0,0.0,0.0,0.0
Macon County,Alabama,0.0,0.0,0.0,0.0,0.0,0.0,0.0,0.0,0.0,0.0,0.0,0.0,0.0,0.0,2.0,3.0,21.0,22.0,5.0,5.0
Madera County,California,0.0,0.0,0.0,0.0,0.0,0.0,0.0,0.0,0.0,0.0,0.0,0.0,0.0,0.0,1.0,1.0,1.0,1.0,1.0,1.0
Madison County,Alabama,0.0,0.0,0.0,0.0,0.0,0.0,0.0,0.0,0.0,0.0,0.0,0.0,0.0,0.0,2.0,2.0,7.0,7.0,5.0,4.0
Madison County,Illinois,0.0,0.0,0.0,0.0,0.0,0.0,0.0,0.0,0.0,0.0,0.0,0.0,0.0,0.0,0.0,1.0,0.0,0.0,0.0,0.0
Madison County,Indiana,0.0,1.0,1.0,1.0,1.0,1.0,1.0,1.0,1.0,1.0,1.0,0.0,0.0,0.0,1.0,1.0,1.0,0.0,0.0,0.0
Madison County,Mississippi,0.0,0.0,0.0,0.0,0.0,0.0,3.0,2.0,2.0,2.0,2.0,2.0,2.0,0.0,0.0,0.0,0.0,0.0,0.0,0.0
Madison County,Ohio,0.0,0.0,0.0,0.0,0.0,0.0,0.0,0.0,0.0,0.0,0.0,0.0,0.0,0.0,0.0,1.0,1.0,1.0,1.0,2.0
Madison County,Tennessee,0.0,2.0,1.0,1.0,0.0,0.0,0.0,0.0,0.0,0.0,0.0,0.0,0.0,0.0,0.0,1.0,1.0,2.0,0.0,0.0
Mahoning County,Ohio,0.0,0.0,0.0,1.0,2.0,9.0,9.0,24.0,23.0,22.0,23.0,21.0,20.0,10.0,10.0,12.0,12.0,10.0,11.0,11.0
Maricopa County,Arizona,0.0,6.0,14.0,13.0,21.0,19.0,17.0,16.0,16.0,16.0,19.0,19.0,19.0,12.0,12.0,12.0,12.0,12.0,10.0,7.0
Marion County,Florida,0.0,0.0,0.0,0.0,0.0,0.0,0.0,0.0,0.0,0.0,0.0,1.0,1.0,1.0,2.0,1.0,1.0,1.0,0.0,0.0
Marion County,Illinois,4.0,7.0,9.0,9.0,4.0,4.0,4.0,4.0,4.0,4.0,4.0,4.0,4.0,1.0,1.0,1.0,1.0,1.0,1.0,1.0
Marion County,Indiana,0.0,7.0,13.0,12.0,33.0,29.0,28.0,64.0,68.0,60.0,56.0,53.0,51.0,16.0,15.0,13.0,11.0,11.0,9.0,8.0
Marion County,Missouri,0.0,0.0,0.0,1.0,1.0,1.0,1.0,1.0,1.0,1.0,1.0,1.0,1.0,1.0,1.0,1.0,1.0,1.0,1.0,1.0
Marion County,Oregon,0.0,0.0,0.0,0.0,0.0,0.0,0.0,0.0,0.0,0.0,0.0,0.0,0.0,0.0,1.0,1.0,1.0,1.0,1.0,1.0
Marion County,South Carolina,0.0,1.0,1.0,1.0,10.0,8.0,8.0,8.0,5.0,5.0,5.0,5.0,5.0,1.0,1.0,1.0,1.0,0.0,0.0,0.0
Marion County,West Virginia,0.0,0.0,1.0,0.0,0.0,0.0,4.0,3.0,3.0,3.0,3.0,3.0,2.0,0.0,0.0,0.0,0.0,0.0,0.0,0.0
Mariposa County,California,0.0,0.0,0.0,0.0,0.0,0.0,0.0,0.0,0.0,0.0,0.0,0.0,0.0,0.0,5.0,5.0,5.0,5.0,5.0,5.0
Marshall County,Mississippi,0.0,0.0,0.0,0.0,0.0,0.0,0.0,0.0,0.0,0.0,0.0,0.0,1.0,1.0,1.0,1.0,2.0,2.0,2.0,2.0
Marshall County,Tennessee,0.0,0.0,0.0,0.0,0.0,0.0,0.0,0.0,0.0,0.0,0.0,0.0,0.0,0.0,0.0,0.0,0.0,1.0,0.0,0.0
Marshall County,West Virginia,0.0,0.0,0.0,0.0,0.0,0.0,0.0,1.0,1.0,1.0,1.0,1.0,1.0,1.0,1.0,1.0,1.0,1.0,1.0,1.0
Martinsville city,Virginia,0.0,0.0,0.0,0.0,0.0,0.0,0.0,0.0,0.0,0.0,0.0,0.0,0.0,0.0,0.0,0.0,0.0,4.0,0.0,0.0
Maui County,Hawaii,0.0,0.0,0.0,0.0,0.0,0.0,0.0,0.0,0.0,0.0,0.0,0.0,0.0,0.0,0.0,0.0,0.0,0.0,0.0,2.0
Maury County,Tennessee,0.0,0.0,0.0,0.0,0.0,0.0,0.0,0.0,0.0,0.0,0.0,0.0,0.0,0.0,0.0,0.0,1.0,1.0,1.0,1.0
McCracken County,Kentucky,3.0,7.0,9.0,8.0,1.0,1.0,1.0,0.0,0.0,0.0,0.0,2.0,2.0,2.0,2.0,2.0,2.0,2.0,1.0,1.0
McDowell County,West Virginia,0.0,1.0,1.0,1.0,1.0,1.0,1.0,3.0,9.0,9.0,9.0,9.0,6.0,2.0,2.0,2.0,2.0,2.0,2.0,2.0
McKinley County,New Mexico,0.0,1.0,0.0,0.0,0.0,0.0,0.0,1.0,1.0,1.0,1.0,1.0,1.0,2.0,3.0,1.0,1.0,1.0,0.0,0.0
McLennan County,Texas,0.0,0.0,5.0,5.0,17.0,15.0,15.0,16.0,17.0,17.0,16.0,16.0,15.0,6.0,5.0,5.0,5.0,4.0,4.0,4.0
Mecklenburg County,North Carolina,2.0,3.0,2.0,2.0,1.0,6.0,7.0,13.0,11.0,10.0,9.0,9.0,9.0,3.0,3.0,3.0,3.0,7.0,3.0,34.0
Mecklenburg County,Virginia,0.0,1.0,3.0,2.0,2.0,2.0,2.0,2.0,1.0,1.0,1.0,1.0,2.0,2.0,2.0,2.0,2.0,5.0,3.0,3.0
Mercer County,New Jersey,0.0,6.0,6.0,13.0,17.0,14.0,14.0,12.0,12.0,12.0,12.0,10.0,10.0,2.0,2.0,3.0,3.0,3.0,2.0,2.0
Mercer County,West Virginia,0.0,0.0,1.0,1.0,1.0,1.0,1.0,3.0,7.0,7.0,5.0,5.0,5.0,2.0,2.0,2.0,2.0,3.0,1.0,1.0
Merrimack County,New Hampshire,0.0,0.0,0.0,0.0,0.0,0.0,0.0,0.0,0.0,0.0,0.0,0.0,0.0,0.0,1.0,1.0,1.0,1.0,1.0,1.0
Miami County,Ohio,0.0,0.0,0.0,0.0,0.0,0.0,0.0,0.0,0.0,0.0,0.0,0.0,1.0,1.0,1.0,1.0,1.0,1.0,0.0,0.0
Miami-Dade County,Florida,1.0,2.0,2.0,1.0,16.0,16.0,14.0,12.0,12.0,13.0,10.0,9.0,9.0,4.0,4.0,4.0,4.0,5.0,15.0,15.0
Middlesex County,Connecticut,0.0,0.0,0.0,0.0,0.0,0.0,0.0,0.0,0.0,0.0,0.0,0.0,0.0,0.0,1.0,1.0,1.0,2.0,2.0,6.0
Middlesex County,Massachusetts,0.0,1.0,1.0,1.0,2.0,2.0,2.0,2.0,3.0,3.0,4.0,4.0,3.0,2.0,2.0,2.0,2.0,2.0,2.0,3.0
Middlesex County,New Jersey,2.0,2.0,2.0,3.0,4.0,5.0,5.0,5.0,5.0,5.0,4.0,4.0,2.0,2.0,2.0,2.0,2.0,2.0,2.0,2.0
Middlesex County,Virginia,0.0,0.0,0.0,0.0,0.0,0.0,0.0,0.0,0.0,0.0,0.0,0.0,0.0,0.0,0.0,0.0,0.0,1.0,3.0,2.0
Midland County,Texas,0.0,2.0,2.0,2.0,8.0,5.0,5.0,5.0,5.0,5.0,3.0,3.0,3.0,2.0,3.0,2.0,2.0,2.0,2.0,0.0
Miller County,Arkansas,0.0,1.0,5.0,4.0,5.0,4.0,4.0,3.0,3.0,3.0,3.0,3.0,3.0,1.0,2.0,2.0,2.0,2.0,2.0,2.0
Milwaukee County,Wisconsin,0.0,0.0,0.0,0.0,0.0,0.0,0.0,0.0,0.0,0.0,0.0,109.0,100.0,17.0,14.0,14.0,11.0,8.0,7.0,11.0
Mingo County,West Virginia,0.0,0.0,0.0,0.0,0.0,0.0,3.0,4.0,4.0,4.0,4.0,4.0,4.0,0.0,0.0,0.0,0.0,0.0,0.0,0.0
Minnehaha County,South Dakota,0.0,2.0,2.0,2.0,2.0,2.0,2.0,2.0,2.0,2.0,2.0,2.0,2.0,1.0,1.0,1.0,1.0,1.0,1.0,1.0
Mississippi County,Arkansas,0.0,0.0,0.0,0.0,0.0,0.0,0.0,0.0,0.0,0.0,0.0,0.0,0.0,0.0,0.0,0.0,2.0,2.0,1.0,1.0
Mississippi County,Missouri,0.0,1.0,1.0,1.0,1.0,1.0,1.0,1.0,1.0,1.0,1.0,1.0,1.0,0.0,0.0,0.0,0.0,0.0,0.0,0.0
Missoula County,Montana,0.0,0.0,0.0,0.0,0.0,0.0,0.0,0.0,0.0,0.0,0.0,0.0,0.0,0.0,1.0,1.0,1.0,1.0,1.0,1.0
Mobile County,Alabama,3.0,0.0,5.0,5.0,4.0,3.0,3.0,5.0,5.0,5.0,5.0,5.0,6.0,5.0,5.0,5.0,6.0,6.0,3.0,4.0
Modoc County,California,0.0,0.0,0.0,0.0,0.0,0.0,0.0,0.0,0.0,0.0,0.0,0.0,0.0,0.0,0.0,0.0,0.0,0.0,1.0,1.0
Mohave County,Arizona,0.0,0.0,0.0,0.0,0.0,0.0,0.0,0.0,0.0,0.0,0.0,1.0,1.0,1.0,2.0,2.0,2.0,2.0,2.0,2.0
Monmouth County,New Jersey,64.0,76.0,54.0,40.0,50.0,46.0,47.0,52.0,48.0,47.0,47.0,49.0,47.0,22.0,21.0,21.0,19.0,19.0,18.0,15.0
Monongalia County,West Virginia,0.0,0.0,0.0,0.0,0.0,0.0,6.0,5.0,5.0,5.0,4.0,3.0,2.0,2.0,2.0,2.0,2.0,2.0,2.0,2.0
Monroe County,Arkansas,0.0,0.0,0.0,1.0,1.0,1.0,1.0,1.0,1.0,1.0,1.0,1.0,1.0,1.0,0.0,0.0,0.0,0.0,0.0,0.0
Monroe County,Florida,0.0,0.0,0.0,0.0,0.0,0.0,0.0,0.0,0.0,0.0,0.0,0.0,0.0,0.0,0.0,0.0,0.0,1.0,1.0,1.0
Monroe County,Michigan,0.0,0.0,0.0,0.0,0.0,0.0,0.0,0.0,0.0,0.0,0.0,0.0,0.0,1.0,1.0,1.0,0.0,0.0,0.0,0.0
Monroe County,New York,3.0,6.0,6.0,6.0,5.0,7.0,7.0,9.0,9.0,8.0,21.0,19.0,19.0,4.0,4.0,4.0,4.0,4.0,5.0,12.0
Monroe County,Pennsylvania,2.0,2.0,0.0,0.0,0.0,0.0,0.0,2.0,2.0,2.0,2.0,1.0,1.0,1.0,2.0,2.0,2.0,2.0,2.0,2.0
Monterey County,California,0.0,0.0,0.0,0.0,0.0,0.0,0.0,0.0,0.0,0.0,0.0,0.0,1.0,1.0,1.0,1.0,1.0,1.0,0.0,0.0
Montezuma County,Colorado,0.0,0.0,0.0,0.0,0.0,0.0,0.0,0.0,0.0,0.0,0.0,0.0,0.0,0.0,1.0,1.0,1.0,1.0,1.0,1.0
Montgomery County,Alabama,0.0,0.0,0.0,2.0,4.0,4.0,3.0,3.0,3.0,3.0,3.0,3.0,4.0,3.0,3.0,3.0,4.0,3.0,4.0,4.0
Montgomery County,Kansas,0.0,3.0,3.0,2.0,2.0,2.0,1.0,1.0,1.0,1.0,1.0,1.0,1.0,1.0,0.0,0.0,0.0,0.0,0.0,0.0
Montgomery County,Kentucky,1.0,3.0,3.0,3.0,0.0,0.0,0.0,0.0,0.0,0.0,0.0,0.0,0.0,0.0,0.0,0.0,0.0,0.0,0.0,0.0
Montgomery County,Ohio,0.0,1.0,1.0,2.0,2.0,2.0,2.0,5.0,5.0,5.0,5.0,4.0,4.0,2.0,2.0,2.0,6.0,6.0,5.0,4.0
Montgomery County,Pennsylvania,0.0,0.0,0.0,2.0,1.0,1.0,1.0,1.0,1.0,1.0,1.0,1.0,1.0,0.0,0.0,0.0,0.0,0.0,0.0,0.0
Montgomery County,Tennessee,3.0,3.0,3.0,3.0,7.0,6.0,5.0,5.0,5.0,5.0,5.0,4.0,3.0,2.0,2.0,2.0,3.0,3.0,2.0,2.0
Montgomery County,Virginia,1.0,1.0,1.0,1.0,1.0,1.0,1.0,1.0,1.0,1.0,1.0,1.0,1.0,1.0,1.0,1.0,1.0,1.0,1.0,1.0
Montrose County,Colorado,0.0,0.0,0.0,0.0,0.0,6.0,6.0,6.0,6.0,6.0,6.0,6.0,6.0,3.0,3.0,3.0,3.0,2.0,2.0,2.0
Moore County,North Carolina,0.0,1.0,1.0,1.0,3.0,3.0,3.0,2.0,2.0,2.0,2.0,2.0,1.0,1.0,1.0,1.0,0.0,0.0,0.0,0.0
Morehouse Parish,Louisiana,0.0,0.0,0.0,0.0,0.0,0.0,0.0,0.0,0.0,0.0,0.0,0.0,0.0,0.0,0.0,0.0,0.0,2.0,0.0,1.0
Morgan County,Alabama,1.0,1.0,1.0,1.0,0.0,0.0,0.0,0.0,0.0,0.0,0.0,0.0,0.0,0.0,0.0,0.0,0.0,0.0,0.0,0.0
Morgan County,Indiana,0.0,0.0,0.0,0.0,1.0,1.0,1.0,1.0,1.0,1.0,0.0,0.0,0.0,0.0,0.0,0.0,0.0,0.0,0.0,0.0
Morris County,New Jersey,2.0,6.0,4.0,3.0,5.0,5.0,4.0,4.0,3.0,3.0,3.0,0.0,0.0,0.0,0.0,0.0,0.0,0.0,0.0,0.0
Morrison County,Minnesota,0.0,0.0,0.0,0.0,0.0,4.0,4.0,4.0,3.0,3.0,3.0,3.0,3.0,2.0,2.0,2.0,2.0,2.0,1.0,1.0
Mower County,Minnesota,0.0,0.0,0.0,0.0,0.0,0.0,0.0,0.0,0.0,0.0,0.0,0.0,0.0,0.0,0.0,0.0,0.0,1.0,1.0,1.0
Multnomah County,Oregon,0.0,1.0,2.0,16.0,13.0,11.0,10.0,10.0,10.0,10.0,10.0,10.0,10.0,3.0,2.0,2.0,1.0,1.0,2.0,2.0
Muscogee County,Georgia,1.0,1.0,1.0,2.0,6.0,7.0,7.0,7.0,7.0,7.0,7.0,5.0,8.0,3.0,3.0,3.0,4.0,4.0,4.0,4.0
Muskegon County,Michigan,0.0,3.0,3.0,3.0,3.0,1.0,1.0,1.0,1.0,1.0,1.0,1.0,1.0,1.0,1.0,1.0,1.0,1.0,1.0,1.0
Muskingum County,Ohio,2.0,4.0,4.0,4.0,5.0,5.0,5.0,5.0,5.0,4.0,4.0,4.0,4.0,3.0,3.0,2.0,2.0,2.0,2.0,2.0
Muskogee County,Oklahoma,0.0,4.0,4.0,4.0,16.0,19.0,19.0,17.0,15.0,14.0,14.0,13.0,12.0,2.0,2.0,2.0,2.0,2.0,2.0,2.0
Nantucket County,Massachusetts,0.0,0.0,0.0,0.0,0.0,0.0,0.0,0.0,0.0,0.0,0.0,0.0,0.0,0.0,0.0,0.0,0.0,0.0,1.0,1.0
Nash County,North Carolina,0.0,1.0,0.0,0.0,0.0,0.0,0.0,0.0,0.0,0.0,1.0,1.0,1.0,1.0,1.0,1.0,1.0,1.0,1.0,1.0
Nassau County,Florida,0.0,0.0,0.0,0.0,0.0,0.0,0.0,0.0,0.0,0.0,1.0,0.0,0.0,0.0,1.0,1.0,1.0,1.0,0.0,1.0
Nassau County,New York,2.0,2.0,3.0,3.0,1.0,3.0,3.0,4.0,4.0,6.0,6.0,4.0,4.0,0.0,0.0,0.0,0.0,0.0,0.0,24.0
Natrona County,Wyoming,0.0,2.0,2.0,3.0,3.0,3.0,3.0,3.0,2.0,2.0,2.0,1.0,1.0,2.0,2.0,2.0,2.0,1.0,1.0,1.0
Navarro County,Texas,0.0,3.0,3.0,3.0,4.0,4.0,4.0,3.0,3.0,2.0,2.0,2.0,2.0,1.0,1.0,1.0,1.0,1.0,0.0,0.0
New Castle County,Delaware,4.0,4.0,5.0,8.0,12.0,12.0,12.0,12.0,14.0,13.0,13.0,13.0,11.0,7.0,6.0,4.0,4.0,4.0,4.0,4.0
New Hanover County,North Carolina,0.0,2.0,2.0,2.0,35.0,41.0,48.0,47.0,41.0,38.0,37.0,33.0,32.0,3.0,5.0,5.0,5.0,3.0,3.0,3.0
New Haven County,Connecticut,16.0,18.0,16.0,15.0,18.0,19.0,17.0,23.0,23.0,22.0,21.0,20.0,16.0,6.0,8.0,9.0,8.0,8.0,6.0,11.0
New Kent County,Virginia,0.0,0.0,0.0,0.0,0.0,0.0,0.0,0.0,0.0,0.0,0.0,0.0,0.0,0.0,0.0,0.0,0.0,1.0,1.0,2.0
New London County,Connecticut,5.0,5.0,4.0,3.0,4.0,3.0,2.0,2.0,1.0,1.0,1.0,1.0,1.0,1.0,1.0,1.0,1.0,1.0,1.0,4.0
New York County,New York,207.0,55.0,139.0,118.0,211.0,253.0,231.0,222.0,215.0,216.0,211.0,193.0,178.0,33.0,32.0,37.0,36.0,36.0,154.0,228.0
Newaygo County,Michigan,0.0,2.0,2.0,2.0,3.0,1.0,2.0,2.0,2.0,2.0,2.0,2.0,2.0,2.0,2.0,2.0,2.0,2.0,2.0,1.0
Newport County,Rhode Island,1.0,7.0,5.0,4.0,2.0,2.0,2.0,2.0,2.0,2.0,2.0,3.0,2.0,2.0,1.0,1.0,1.0,1.0,1.0,1.0
Newport News city,Virginia,8.0,9.0,10.0,9.0,9.0,8.0,17.0,16.0,15.0,15.0,13.0,13.0,13.0,7.0,6.0,3.0,3.0,2.0,11.0,10.0
Nez Perce County,Idaho,0.0,0.0,0.0,0.0,0.0,0.0,0.0,0.0,0.0,0.0,0.0,0.0,0.0,0.0,0.0,0.0,0.0,0.0,1.0,1.0
Niagara County,New York,5.0,15.0,17.0,9.0,13.0,11.0,10.0,5.0,10.0,10.0,10.0,11.0,9.0,9.0,7.0,9.0,11.0,12.0,9.0,11.0
Norfolk County,Massachusetts,0.0,1.0,1.0,1.0,2.0,2.0,2.0,2.0,2.0,2.0,2.0,2.0,2.0,2.0,2.0,2.0,2.0,1.0,1.0,1.0
Norfolk city,Virginia,7.0,11.0,14.0,12.0,13.0,13.0,12.0,17.0,16.0,14.0,14.0,13.0,13.0,4.0,4.0,4.0,4.0,3.0,6.0,6.0
Nueces County,Texas,0.0,0.0,0.0,0.0,20.0,24.0,24.0,23.0,17.0,15.0,14.0,14.0,13.0,7.0,5.0,5.0,4.0,4.0,2.0,2.0
Oakland County,Michigan,0.0,0.0,0.0,0.0,0.0,0.0,0.0,1.0,1.0,1.0,1.0,1.0,0.0,0.0,0.0,1.0,1.0,1.0,1.0,1.0
Ocean County,New Jersey,2.0,1.0,1.0,1.0,3.0,3.0,3.0,3.0,3.0,3.0,2.0,2.0,2.0,0.0,0.0,0.0,0.0,0.0,0.0,0.0
Ohio County,West Virginia,0.0,10.0,10.0,8.0,8.0,8.0,9.0,8.0,8.0,8.0,8.0,8.0,6.0,3.0,2.0,1.0,1.0,0.0,0.0,0.0
Okfuskee County,Oklahoma,0.0,0.0,0.0,0.0,1.0,1.0,1.0,1.0,1.0,1.0,1.0,1.0,0.0,0.0,1.0,0.0,0.0,0.0,0.0,0.0
Oklahoma County,Oklahoma,0.0,12.0,11.0,10.0,26.0,22.0,22.0,21.0,18.0,17.0,16.0,15.0,16.0,10.0,11.0,11.0,11.0,10.0,7.0,7.0
Okmulgee County,Oklahoma,0.0,1.0,1.0,0.0,5.0,4.0,4.0,4.0,3.0,2.0,2.0,2.0,2.0,0.0,0.0,0.0,0.0,0.0,0.0,0.0
Olmsted County,Minnesota,0.0,0.0,0.0,0.0,0.0,1.0,1.0,2.0,2.0,1.0,1.0,1.0,1.0,1.0,2.0,2.0,2.0,2.0,2.0,2.0
Oneida County,New York,0.0,3.0,3.0,3.0,3.0,3.0,3.0,3.0,3.0,2.0,2.0,2.0,2.0,2.0,2.0,2.0,2.0,0.0,0.0,0.0
Onondaga County,New York,1.0,2.0,1.0,4.0,13.0,13.0,15.0,12.0,32.0,31.0,27.0,25.0,25.0,6.0,6.0,5.0,5.0,4.0,3.0,3.0
Orange County,California,0.0,0.0,0.0,0.0,0.0,0.0,0.0,0.0,0.0,0.0,0.0,0.0,0.0,0.0,0.0,0.0,0.0,0.0,1.0,1.0
Orange County,Florida,0.0,0.0,0.0,1.0,1.0,1.0,1.0,1.0,1.0,1.0,1.0,1.0,1.0,2.0,2.0,2.0,2.0,2.0,5.0,4.0
Orange County,Indiana,0.0,2.0,2.0,2.0,2.0,2.0,2.0,2.0,2.0,2.0,1.0,1.0,1.0,1.0,1.0,1.0,1.0,1.0,1.0,1.0
Orange County,New York,4.0,7.0,3.0,2.0,1.0,1.0,1.0,3.0,3.0,3.0,3.0,4.0,3.0,3.0,3.0,4.0,4.0,4.0,4.0,4.0
Orange County,Texas,0.0,0.0,0.0,0.0,0.0,0.0,0.0,0.0,0.0,0.0,0.0,0.0,0.0,1.0,1.0,1.0,1.0,0.0,0.0,0.0
Orangeburg County,South Carolina,0.0,0.0,0.0,0.0,1.0,1.0,1.0,1.0,1.0,1.0,1.0,1.0,1.0,1.0,1.0,1.0,1.0,1.0,0.0,0.0
Orleans Parish,Louisiana,4.0,12.0,18.0,18.0,49.0,53.0,52.0,59.0,56.0,52.0,51.0,47.0,49.0,28.0,29.0,25.0,25.0,26.0,24.0,24.0
Osage County,Oklahoma,0.0,0.0,0.0,0.0,0.0,0.0,0.0,0.0,0.0,0.0,0.0,1.0,1.0,0.0,0.0,0.0,0.0,0.0,0.0,0.0
Otero County,Colorado,0.0,3.0,3.0,3.0,3.0,3.0,3.0,3.0,3.0,3.0,2.0,1.0,1.0,1.0,1.0,1.0,1.0,1.0,0.0,0.0
Otero County,New Mexico,0.0,0.0,0.0,0.0,0.0,0.0,0.0,0.0,0.0,0.0,0.0,0.0,0.0,0.0,1.0,1.0,1.0,1.0,1.0,1.0
Ottawa County,Ohio,0.0,0.0,0.0,0.0,0.0,0.0,0.0,0.0,0.0,0.0,0.0,0.0,0.0,0.0,1.0,1.0,1.0,1.0,1.0,1.0
Ouachita County,Arkansas,0.0,1.0,0.0,0.0,12.0,10.0,10.0,8.0,7.0,7.0,9.0,9.0,9.0,3.0,2.0,2.0,5.0,3.0,2.0,2.0
Ouachita Parish,Louisiana,0.0,3.0,3.0,3.0,3.0,3.0,3.0,3.0,4.0,4.0,4.0,3.0,3.0,3.0,4.0,6.0,7.0,10.0,6.0,7.0
Oxford County,Maine,0.0,0.0,0.0,0.0,0.0,0.0,0.0,0.0,0.0,0.0,0.0,1.0,1.0,1.0,1.0,1.0,1.0,1.0,1.0,1.0
Page County,Virginia,0.0,0.0,0.0,0.0,1.0,1.0,1.0,1.0,1.0,1.0,1.0,1.0,1.0,1.0,1.0,1.0,1.0,1.0,1.0,2.0
Palm Beach County,Florida,0.0,0.0,0.0,1.0,2.0,2.0,2.0,1.0,1.0,1.0,1.0,1.0,1.0,0.0,0.0,2.0,2.0,4.0,8.0,8.0
Park County,Montana,0.0,0.0,0.0,0.0,0.0,0.0,0.0,0.0,0.0,0.0,0.0,0.0,0.0,3.0,3.0,3.0,3.0,3.0,3.0,3.0
Pasquotank County,North Carolina,0.0,1.0,1.0,1.0,1.0,1.0,1.0,1.0,2.0,2.0,2.0,2.0,2.0,0.0,0.0,0.0,0.0,0.0,0.0,0.0
Passaic County,New Jersey,4.0,9.0,9.0,7.0,5.0,6.0,6.0,7.0,6.0,5.0,4.0,4.0,4.0,0.0,0.0,0.0,0.0,0.0,0.0,0.0
Pawnee County,Kansas,0.0,4.0,3.0,3.0,3.0,5.0,5.0,5.0,5.0,5.0,4.0,4.0,4.0,4.0,4.0,4.0,4.0,4.0,4.0,4.0
Pemiscot County,Missouri,0.0,0.0,0.0,0.0,0.0,0.0,0.0,0.0,0.0,0.0,0.0,0.0,0.0,0.0,0.0,0.0,1.0,1.0,0.0,0.0
Pendleton County,West Virginia,0.0,0.0,0.0,0.0,0.0,0.0,0.0,0.0,0.0,0.0,0.0,0.0,0.0,2.0,2.0,2.0,2.0,1.0,1.0,1.0
Penobscot County,Maine,0.0,1.0,1.0,0.0,1.0,1.0,1.0,1.0,0.0,0.0,0.0,0.0,0.0,0.0,1.0,1.0,1.0,1.0,1.0,1.0
Peoria County,Illinois,0.0,0.0,0.0,0.0,3.0,3.0,2.0,2.0,2.0,2.0,2.0,2.0,0.0,0.0,1.0,1.0,1.0,1.0,1.0,1.0
Perry County,Kentucky,0.0,2.0,2.0,2.0,2.0,2.0,2.0,1.0,1.0,1.0,1.0,1.0,1.0,1.0,1.0,1.0,1.0,0.0,0.0,0.0
Petersburg city,Virginia,2.0,4.0,3.0,3.0,3.0,3.0,3.0,4.0,4.0,2.0,2.0,2.0,2.0,1.0,0.0,0.0,0.0,0.0,1.0,2.0
Pettis County,Missouri,0.0,4.0,3.0,3.0,3.0,3.0,3.0,3.0,3.0,3.0,3.0,3.0,3.0,3.0,3.0,1.0,0.0,0.0,0.0,0.0
Philadelphia County,Pennsylvania,47.0,58.0,54.0,63.0,83.0,84.0,87.0,86.0,79.0,75.0,72.0,66.0,73.0,33.0,35.0,9.0,9.0,18.0,17.0,18.0
Phillips County,Arkansas,0.0,3.0,3.0,1.0,2.0,2.0,2.0,2.0,2.0,2.0,2.0,2.0,2.0,0.0,1.0,1.0,1.0,1.0,1.0,1.0
Pierce County,Washington,0.0,3.0,2.0,2.0,3.0,3.0,5.0,5.0,5.0,5.0,3.0,2.0,2.0,2.0,3.0,3.0,3.0,3.0,4.0,4.0
Pike County,Alabama,2.0,2.0,2.0,1.0,0.0,0.0,0.0,0.0,0.0,0.0,0.0,0.0,0.0,0.0,0.0,0.0,0.0,0.0,0.0,0.0
Pike County,Mississippi,0.0,2.0,2.0,2.0,2.0,2.0,2.0,1.0,1.0,1.0,1.0,1.0,0.0,2.0,2.0,2.0,2.0,2.0,2.0,2.0
Pima County,Arizona,0.0,0.0,3.0,3.0,2.0,1.0,1.0,1.0,1.0,1.0,1.0,1.0,1.0,2.0,4.0,4.0,4.0,4.0,2.0,2.0
Pinal County,Arizona,0.0,0.0,0.0,0.0,0.0,0.0,0.0,0.0,0.0,0.0,0.0,0.0,0.0,0.0,1.0,1.0,1.0,0.0,0.0,0.0
Pinellas County,Florida,5.0,5.0,5.0,3.0,1.0,1.0,1.0,1.0,1.0,1.0,1.0,2.0,2.0,2.0,2.0,4.0,4.0,4.0,4.0,3.0
Pitt County,North Carolina,0.0,0.0,0.0,0.0,6.0,5.0,5.0,5.0,5.0,4.0,4.0,4.0,4.0,2.0,2.0,2.0,1.0,1.0,1.0,1.0
Plymouth County,Massachusetts,1.0,3.0,2.0,3.0,4.0,4.0,4.0,4.0,4.0,3.0,4.0,4.0,5.0,2.0,2.0,1.0,1.0,1.0,1.0,1.0
Polk County,Florida,1.0,4.0,4.0,3.0,3.0,3.0,2.0,2.0,2.0,2.0,3.0,3.0,3.0,3.0,3.0,3.0,2.0,2.0,3.0,3.0
Polk County,Iowa,0.0,1.0,1.0,2.0,37.0,35.0,33.0,31.0,30.0,30.0,27.0,25.0,24.0,12.0,14.0,10.0,8.0,8.0,6.0,6.0
Pope County,Arkansas,0.0,2.0,2.0,2.0,2.0,1.0,1.0,1.0,1.0,1.0,1.0,1.0,1.0,1.0,1.0,1.0,1.0,1.0,1.0,1.0
Porter County,Indiana,0.0,0.0,0.0,0.0,0.0,0.0,0.0,0.0,0.0,0.0,1.0,1.0,1.0,1.0,1.0,1.0,1.0,1.0,0.0,0.0
Portsmouth city,Virginia,0.0,1.0,0.0,0.0,0.0,0.0,0.0,0.0,0.0,0.0,0.0,0.0,0.0,1.0,1.0,1.0,1.0,0.0,9.0,9.0
Pottawatomie County,Oklahoma,0.0,2.0,2.0,2.0,3.0,3.0,3.0,3.0,3.0,3.0,3.0,3.0,3.0,3.0,3.0,3.0,2.0,2.0,2.0,2.0
Pottawattamie County,Iowa,0.0,0.0,0.0,0.0,0.0,0.0,0.0,0.0,0.0,0.0,0.0,0.0,0.0,0.0,2.0,2.0,2.0,2.0,2.0,2.0
Potter County,Texas,0.0,0.0,2.0,2.0,4.0,25.0,21.0,20.0,16.0,16.0,15.0,14.0,13.0,3.0,3.0,3.0,3.0,3.0,3.0,3.0
Prince Edward County,Virginia,0.0,2.0,2.0,2.0,4.0,4.0,4.0,4.0,4.0,4.0,4.0,4.0,3.0,2.0,2.0,3.0,3.0,3.0,2.0,0.0
Prince George County,Virginia,0.0,0.0,0.0,0.0,0.0,0.0,0.0,0.0,0.0,0.0,0.0,0.0,0.0,0.0,1.0,1.0,1.0,1.0,1.0,1.0
Prince George's County,Maryland,0.0,1.0,2.0,0.0,2.0,2.0,1.0,2.0,1.0,2.0,2.0,2.0,1.0,1.0,1.0,1.0,1.0,1.0,1.0,1.0
Providence County,Rhode Island,2.0,6.0,10.0,9.0,10.0,7.0,7.0,6.0,5.0,5.0,4.0,6.0,6.0,2.0,2.0,1.0,1.0,1.0,1.0,1.0
Prowers County,Colorado,0.0,0.0,0.0,0.0,0.0,3.0,3.0,3.0,2.0,2.0,2.0,2.0,2.0,1.0,1.0,1.0,1.0,1.0,1.0,1.0
Pueblo County,Colorado,0.0,5.0,5.0,5.0,3.0,3.0,3.0,3.0,3.0,2.0,5.0,4.0,3.0,1.0,2.0,2.0,2.0,2.0,2.0,1.0
Pulaski County,Arkansas,0.0,5.0,3.0,2.0,46.0,50.0,55.0,52.0,49.0,44.0,43.0,41.0,41.0,15.0,15.0,13.0,12.0,16.0,12.0,12.0
Putnam County,New York,0.0,1.0,0.0,0.0,0.0,0.0,0.0,0.0,0.0,0.0,0.0,0.0,0.0,0.0,0.0,0.0,0.0,0.0,0.0,0.0
Quay County,New Mexico,0.0,0.0,0.0,0.0,1.0,5.0,4.0,4.0,4.0,4.0,5.0,4.0,4.0,4.0,4.0,4.0,4.0,4.0,3.0,3.0
Queen Anne's County,Maryland,0.0,1.0,0.0,0.0,0.0,0.0,0.0,0.0,0.0,0.0,0.0,0.0,0.0,0.0,0.0,0.0,0.0,0.0,0.0,0.0
Queens County,New York,6.0,7.0,2.0,2.0,9.0,10.0,11.0,12.0,12.0,12.0,12.0,17.0,16.0,1.0,2.0,3.0,3.0,8.0,9.0,28.0
Racine County,Wisconsin,0.0,0.0,0.0,0.0,0.0,0.0,0.0,0.0,0.0,0.0,0.0,1.0,1.0,0.0,1.0,1.0,1.0,1.0,1.0,1.0
Raleigh County,West Virginia,0.0,3.0,3.0,1.0,13.0,13.0,15.0,9.0,10.0,10.0,10.0,8.0,6.0,1.0,1.0,1.0,1.0,1.0,1.0,1.0
Ramsey County,Minnesota,0.0,0.0,2.0,3.0,2.0,18.0,18.0,16.0,14.0,13.0,13.0,13.0,13.0,3.0,2.0,1.0,1.0,13.0,15.0,14.0
Randolph County,Illinois,0.0,0.0,0.0,0.0,0.0,0.0,0.0,1.0,1.0,1.0,1.0,1.0,1.0,0.0,0.0,0.0,0.0,0.0,0.0,0.0
Randolph County,Missouri,0.0,4.0,4.0,4.0,3.0,3.0,3.0,3.0,3.0,2.0,1.0,1.0,1.0,1.0,1.0,1.0,1.0,1.0,1.0,1.0
Rapides Parish,Louisiana,0.0,0.0,0.0,0.0,0.0,0.0,0.0,0.0,0.0,0.0,0.0,0.0,0.0,2.0,2.0,2.0,2.0,1.0,1.0,1.0
Ray County,Missouri,0.0,0.0,0.0,0.0,0.0,0.0,0.0,0.0,0.0,0.0,1.0,1.0,1.0,1.0,1.0,0.0,0.0,0.0,0.0,0.0
Reno County,Kansas,0.0,2.0,2.0,2.0,1.0,1.0,1.0,1.0,1.0,1.0,1.0,1.0,1.0,1.0,2.0,2.0,2.0,2.0,2.0,2.0
Rensselaer County,New York,0.0,0.0,0.0,0.0,0.0,0.0,0.0,0.0,0.0,0.0,0.0,0.0,1.0,1.0,1.0,2.0,2.0,3.0,3.0,4.0
Richland County,Ohio,0.0,0.0,0.0,0.0,1.0,1.0,1.0,3.0,3.0,2.0,2.0,2.0,2.0,1.0,1.0,1.0,1.0,1.0,1.0,0.0
Richland County,South Carolina,6.0,18.0,17.0,12.0,33.0,39.0,36.0,37.0,32.0,30.0,29.0,29.0,27.0,13.0,15.0,15.0,15.0,15.0,14.0,14.0
Richmond County,Georgia,0.0,1.0,1.0,1.0,4.0,4.0,4.0,4.0,2.0,2.0,2.0,2.0,2.0,2.0,3.0,3.0,3.0,3.0,3.0,3.0
Richmond County,New York,0.0,0.0,0.0,0.0,0.0,0.0,6.0,8.0,8.0,7.0,5.0,5.0,4.0,0.0,0.0,0.0,0.0,0.0,0.0,1.0
Richmond County,North Carolina,0.0,0.0,0.0,0.0,0.0,0.0,0.0,1.0,1.0,1.0,1.0,1.0,0.0,0.0,0.0,0.0,0.0,0.0,0.0,0.0
Richmond city,Virginia,10.0,10.0,10.0,11.0,14.0,14.0,14.0,12.0,13.0,11.0,11.0,11.0,9.0,4.0,4.0,4.0,4.0,7.0,7.0,7.0
Riley County,Kansas,0.0,2.0,2.0,2.0,2.0,2.0,2.0,2.0,2.0,2.0,3.0,2.0,2.0,2.0,2.0,2.0,2.0,2.0,2.0,2.0
Riverside County,California,0.0,0.0,0.0,0.0,1.0,1.0,2.0,2.0,2.0,2.0,3.0,3.0,3.0,3.0,3.0,3.0,3.0,3.0,2.0,2.0
Roanoke city,Virginia,2.0,4.0,4.0,6.0,6.0,6.0,6.0,8.0,8.0,8.0,7.0,4.0,4.0,3.0,3.0,3.0,3.0,3.0,4.0,4.0
Robeson County,North Carolina,0.0,0.0,0.0,0.0,0.0,0.0,0.0,0.0,0.0,0.0,0.0,1.0,1.0,1.0,1.0,1.0,1.0,0.0,0.0,0.0
Rock County,Wisconsin,0.0,0.0,0.0,0.0,0.0,0.0,0.0,0.0,0.0,0.0,0.0,4.0,4.0,0.0,1.0,1.0,1.0,2.0,2.0,2.0
Rockbridge County,Virginia,0.0,1.0,1.0,1.0,1.0,1.0,1.0,0.0,0.0,0.0,0.0,0.0,0.0,0.0,0.0,0.0,0.0,0.0,0.0,0.0
Rockingham County,New Hampshire,1.0,1.0,0.0,0.0,0.0,0.0,0.0,0.0,0.0,0.0,0.0,0.0,0.0,0.0,0.0,0.0,0.0,0.0,0.0,0.0
Rockland County,New York,1.0,1.0,0.0,0.0,0.0,0.0,0.0,0.0,1.0,1.0,1.0,1.0,1.0,0.0,0.0,0.0,0.0,0.0,0.0,4.0
Rooks County,Kansas,0.0,0.0,0.0,0.0,0.0,0.0,0.0,0.0,0.0,0.0,1.0,1.0,1.0,1.0,1.0,1.0,1.0,1.0,1.0,1.0
Rowan County,North Carolina,0.0,1.0,1.0,1.0,1.0,1.0,1.0,1.0,1.0,1.0,1.0,1.0,1.0,0.0,0.0,0.0,0.0,1.0,0.0,0.0
Rusk County,Texas,0.0,0.0,0.0,0.0,0.0,6.0,5.0,4.0,4.0,4.0,4.0,4.0,4.0,1.0,1.0,1.0,4.0,3.0,1.0,1.0
Russell County,Alabama,0.0,0.0,0.0,0.0,0.0,0.0,0.0,0.0,0.0,0.0,0.0,0.0,0.0,0.0,0.0,0.0,3.0,3.0,2.0,2.0
Rutherford County,Tennessee,1.0,2.0,2.0,2.0,2.0,2.0,2.0,2.0,2.0,2.0,2.0,1.0,1.0,2.0,2.0,2.0,4.0,3.0,2.0,2.0
Rutland County,Vermont,0.0,2.0,2.0,1.0,1.0,1.0,1.0,1.0,1.0,1.0,1.0,1.0,1.0,1.0,1.0,1.0,1.0,1.0,1.0,1.0
Sacramento County,California,0.0,0.0,0.0,0.0,0.0,1.0,1.0,1.0,1.0,9.0,8.0,8.0,8.0,3.0,3.0,3.0,2.0,2.0,2.0,1.0
Saginaw County,Michigan,0.0,3.0,3.0,3.0,3.0,3.0,3.0,1.0,1.0,1.0,1.0,1.0,1.0,1.0,1.0,1.0,0.0,0.0,0.0,0.0
Salem County,New Jersey,0.0,0.0,0.0,0.0,1.0,1.0,1.0,1.0,1.0,1.0,1.0,1.0,1.0,0.0,0.0,0.0,0.0,0.0,0.0,0.0
Salem city,Virginia,0.0,0.0,0.0,0.0,0.0,0.0,0.0,1.0,1.0,1.0,1.0,1.0,1.0,1.0,1.0,1.0,1.0,1.0,0.0,0.0
Saline County,Kansas,0.0,0.0,0.0,0.0,0.0,0.0,0.0,0.0,0.0,0.0,0.0,0.0,0.0,0.0,1.0,1.0,1.0,1.0,1.0,1.0
Salt Lake County,Utah,0.0,0.0,1.0,1.0,1.0,4.0,4.0,4.0,3.0,3.0,3.0,4.0,4.0,4.0,4.0,9.0,8.0,8.0,5.0,5.0
San Bernardino County,California,0.0,2.0,2.0,3.0,2.0,2.0,1.0,2.0,2.0,2.0,3.0,3.0,3.0,3.0,2.0,1.0,1.0,1.0,1.0,1.0
San Diego County,California,0.0,6.0,6.0,5.0,12.0,11.0,11.0,13.0,11.0,11.0,11.0,12.0,12.0,5.0,6.0,7.0,6.0,6.0,6.0,6.0
San Francisco County,California,0.0,8.0,12.0,10.0,11.0,12.0,12.0,26.0,24.0,24.0,22.0,18.0,18.0,8.0,10.0,10.0,10.0,7.0,7.0,7.0
San Joaquin County,California,0.0,0.0,0.0,0.0,0.0,0.0,0.0,0.0,0.0,0.0,0.0,0.0,0.0,0.0,2.0,2.0,2.0,2.0,2.0,2.0
San Luis Obispo County,California,0.0,0.0,0.0,0.0,0.0,0.0,0.0,0.0,0.0,0.0,0.0,0.0,0.0,0.0,1.0,1.0,1.0,1.0,1.0,1.0
Sangamon County,Illinois,1.0,9.0,7.0,7.0,7.0,7.0,6.0,7.0,6.0,19.0,20.0,20.0,20.0,10.0,8.0,8.0,7.0,6.0,5.0,5.0
Santa Cruz County,Arizona,0.0,0.0,1.0,1.0,1.0,1.0,1.0,1.0,1.0,1.0,1.0,1.0,1.0,0.0,1.0,1.0,1.0,1.0,2.0,2.0
Santa Fe County,New Mexico,0.0,0.0,0.0,0.0,0.0,0.0,0.0,0.0,0.0,0.0,0.0,0.0,0.0,0.0,1.0,1.0,1.0,1.0,1.0,1.0
Saratoga County,New York,5.0,5.0,0.0,0.0,1.0,3.0,3.0,3.0,3.0,4.0,4.0,6.0,5.0,4.0,4.0,3.0,3.0,2.0,3.0,6.0
Schenectady County,New York,0.0,4.0,4.0,4.0,4.0,3.0,3.0,1.0,1.0,1.0,1.0,9.0,9.0,2.0,2.0,2.0,2.0,2.0,2.0,2.0
Scott County,Iowa,0.0,0.0,0.0,0.0,0.0,0.0,0.0,0.0,0.0,0.0,0.0,0.0,0.0,0.0,1.0,1.0,1.0,1.0,1.0,1.0
Scott County,Mississippi,0.0,0.0,0.0,0.0,0.0,0.0,0.0,0.0,0.0,0.0,0.0,0.0,0.0,0.0,0.0,0.0,0.0,0.0,1.0,1.0
Scotts Bluff County,Nebraska,0.0,0.0,0.0,0.0,0.0,3.0,3.0,3.0,3.0,3.0,3.0,3.0,3.0,3.0,2.0,2.0,2.0,2.0,2.0,2.0
Screven County,Georgia,0.0,0.0,0.0,0.0,0.0,0.0,0.0,0.0,0.0,0.0,0.0,0.0,0.0,0.0,1.0,1.0,1.0,0.0,0.0,0.0
Sebastian County,Arkansas,0.0,2.0,3.0,3.0,3.0,3.0,2.0,2.0,2.0,2.0,2.0,2.0,2.0,2.0,2.0,2.0,2.0,2.0,2.0,2.0
Sedgwick County,Kansas,0.0,0.0,2.0,2.0,2.0,2.0,2.0,4.0,4.0,4.0,4.0,4.0,3.0,5.0,4.0,5.0,5.0,4.0,4.0,3.0
Seminole County,Oklahoma,0.0,1.0,1.0,1.0,0.0,0.0,0.0,0.0,0.0,0.0,0.0,0.0,0.0,1.0,1.0,1.0,1.0,1.0,1.0,1.0
Shawnee County,Kansas,0.0,7.0,5.0,4.0,4.0,13.0,13.0,13.0,11.0,11.0,12.0,12.0,10.0,7.0,10.0,10.0,10.0,9.0,8.0,9.0
Shelby County,Kentucky,0.0,0.0,0.0,1.0,1.0,1.0,1.0,1.0,1.0,1.0,1.0,1.0,1.0,0.0,0.0,0.0,0.0,0.0,0.0,0.0
Shelby County,Tennessee,2.0,5.0,5.0,8.0,16.0,16.0,15.0,13.0,13.0,18.0,16.0,15.0,15.0,8.0,9.0,8.0,43.0,43.0,29.0,29.0
Sierra County,New Mexico,0.0,0.0,0.0,0.0,0.0,0.0,0.0,0.0,0.0,0.0,0.0,0.0,0.0,0.0,0.0,1.0,1.0,1.0,1.0,1.0
Silver Bow County,Montana,0.0,0.0,0.0,0.0,0.0,0.0,0.0,0.0,0.0,0.0,0.0,0.0,0.0,1.0,1.0,1.0,1.0,1.0,1.0,1.0
Simpson County,Mississippi,0.0,0.0,0.0,0.0,0.0,0.0,2.0,3.0,3.0,3.0,3.0,3.0,3.0,0.0,0.0,0.0,0.0,0.0,0.0,0.0
Smith County,Texas,0.0,2.0,2.0,2.0,2.0,2.0,2.0,2.0,2.0,2.0,2.0,2.0,2.0,2.0,2.0,2.0,8.0,8.0,8.0,8.0
Snohomish County,Washington,0.0,3.0,3.0,3.0,3.0,3.0,3.0,3.0,3.0,2.0,1.0,1.0,1.0,1.0,1.0,1.0,0.0,0.0,0.0,0.0
Solano County,California,0.0,0.0,0.0,0.0,1.0,1.0,1.0,1.0,1.0,1.0,1.0,1.0,1.0,0.0,2.0,2.0,2.0,2.0,2.0,2.0
Somerset County,Maine,1.0,2.0,0.0,0.0,0.0,0.0,0.0,0.0,0.0,0.0,0.0,0.0,0.0,0.0,0.0,0.0,0.0,0.0,0.0,0.0
Somerset County,Maryland,0.0,0.0,0.0,0.0,0.0,1.0,1.0,2.0,2.0,1.0,1.0,1.0,1.0,1.0,1.0,0.0,0.0,0.0,0.0,0.0
Somerset County,New Jersey,2.0,3.0,0.0,0.0,0.0,0.0,0.0,0.0,0.0,0.0,0.0,0.0,0.0,0.0,0.0,0.0,0.0,0.0,0.0,0.0
Spartanburg County,South Carolina,4.0,12.0,9.0,5.0,16.0,14.0,12.0,13.0,11.0,11.0,10.0,9.0,9.0,3.0,2.0,1.0,1.0,1.0,1.0,0.0
Spokane County,Washington,0.0,0.0,0.0,0.0,0.0,0.0,0.0,0.0,0.0,0.0,0.0,0.0,0.0,0.0,1.0,1.0,1.0,1.0,0.0,0.0
Spotsylvania County,Virginia,0.0,0.0,0.0,0.0,0.0,0.0,0.0,0.0,0.0,0.0,0.0,0.0,0.0,0.0,0.0,0.0,0.0,1.0,0.0,0.0
St. Charles County,Missouri,0.0,0.0,0.0,0.0,0.0,0.0,0.0,0.0,0.0,0.0,0.0,0.0,0.0,0.0,0.0,1.0,1.0,1.0,1.0,1.0
St. Clair County,Illinois,0.0,4.0,4.0,6.0,16.0,14.0,16.0,15.0,14.0,13.0,2.0,2.0,2.0,3.0,3.0,32.0,12.0,11.0,10.0,8.0
St. Francis County,Arkansas,0.0,0.0,0.0,0.0,0.0,0.0,0.0,0.0,0.0,0.0,0.0,1.0,2.0,2.0,2.0,1.0,2.0,3.0,1.0,1.0
St. John the Baptist Parish,Louisiana,0.0,0.0,0.0,0.0,1.0,1.0,1.0,1.0,1.0,0.0,0.0,0.0,0.0,0.0,0.0,0.0,0.0,0.0,0.0,0.0
St. Johns County,Florida,3.0,3.0,2.0,2.0,2.0,2.0,2.0,2.0,2.0,2.0,1.0,1.0,1.0,1.0,1.0,1.0,1.0,1.0,1.0,1.0
St. Joseph County,Indiana,0.0,1.0,1.0,1.0,1.0,1.0,1.0,1.0,1.0,1.0,1.0,1.0,1.0,1.0,2.0,2.0,2.0,2.0,2.0,2.0
St. Joseph County,Michigan,0.0,0.0,0.0,0.0,0.0,0.0,1.0,1.0,1.0,1.0,1.0,1.0,1.0,1.0,1.0,1.0,1.0,1.0,1.0,1.0
St. Landry Parish,Louisiana,0.0,4.0,4.0,4.0,4.0,2.0,2.0,2.0,2.0,2.0,3.0,3.0,3.0,2.0,2.0,2.0,2.0,2.0,2.0,2.0
St. Louis County,Minnesota,0.0,1.0,1.0,1.0,1.0,1.0,1.0,1.0,0.0,0.0,0.0,0.0,0.0,0.0,1.0,1.0,1.0,1.0,1.0,1.0
St. Louis County,Missouri,0.0,0.0,0.0,0.0,2.0,2.0,2.0,1.0,2.0,2.0,2.0,2.0,2.0,0.0,0.0,2.0,0.0,0.0,0.0,0.0
St. Louis city,Missouri,0.0,8.0,11.0,12.0,80.0,77.0,94.0,103.0,88.0,80.0,76.0,74.0,71.0,20.0,18.0,22.0,21.0,18.0,15.0,14.0
St. Martin Parish,Louisiana,0.0,1.0,1.0,0.0,0.0,0.0,0.0,0.0,0.0,0.0,0.0,0.0,0.0,0.0,0.0,0.0,0.0,0.0,0.0,0.0
St. Mary Parish,Louisiana,0.0,4.0,4.0,3.0,2.0,2.0,2.0,2.0,2.0,2.0,2.0,2.0,2.0,2.0,1.0,2.0,2.0,2.0,2.0,2.0
St. Mary's County,Maryland,0.0,1.0,0.0,0.0,3.0,3.0,3.0,1.0,1.0,1.0,1.0,1.0,1.0,1.0,1.0,1.0,0.0,0.0,0.0,0.0
Stark County,Ohio,0.0,10.0,9.0,7.0,7.0,6.0,6.0,4.0,3.0,3.0,3.0,3.0,2.0,0.0,0.0,0.0,0.0,0.0,0.0,0.0
Staunton city,Virginia,1.0,2.0,2.0,3.0,3.0,3.0,3.0,3.0,3.0,3.0,3.0,2.0,2.0,2.0,2.0,2.0,2.0,2.0,1.0,1.0
Stearns County,Minnesota,0.0,0.0,0.0,0.0,0.0,2.0,2.0,2.0,2.0,2.0,2.0,2.0,2.0,2.0,2.0,2.0,2.0,2.0,2.0,2.0
Steuben County,Indiana,0.0,0.0,1.0,1.0,1.0,1.0,0.0,0.0,0.0,0.0,0.0,0.0,0.0,0.0,0.0,1.0,1.0,1.0,1.0,2.0
Steuben County,New York,0.0,0.0,0.0,0.0,0.0,1.0,1.0,1.0,1.0,1.0,1.0,1.0,1.0,1.0,1.0,1.0,1.0,1.0,0.0,0.0
Suffolk County,Massachusetts,2.0,15.0,28.0,25.0,65.0,66.0,65.0,67.0,73.0,62.0,63.0,59.0,55.0,15.0,13.0,13.0,12.0,12.0,11.0,9.0
Suffolk County,New York,4.0,4.0,0.0,0.0,4.0,4.0,4.0,6.0,6.0,7.0,7.0,7.0,7.0,2.0,2.0,3.0,3.0,3.0,3.0,18.0
Suffolk city,Virginia,0.0,0.0,0.0,0.0,0.0,0.0,0.0,1.0,1.0,1.0,1.0,1.0,1.0,0.0,0.0,0.0,0.0,0.0,3.0,3.0
Sullivan County,New York,2.0,2.0,0.0,0.0,0.0,0.0,0.0,0.0,0.0,0.0,0.0,0.0,0.0,0.0,0.0,0.0,0.0,0.0,0.0,0.0
Sullivan County,Tennessee,2.0,2.0,2.0,2.0,2.0,1.0,1.0,1.0,1.0,0.0,1.0,2.0,2.0,2.0,2.0,2.0,2.0,2.0,2.0,1.0
Summers County,West Virginia,0.0,0.0,0.0,0.0,0.0,0.0,0.0,1.0,1.0,3.0,3.0,3.0,3.0,2.0,2.0,2.0,2.0,2.0,2.0,2.0
Summit County,Ohio,4.0,7.0,10.0,8.0,18.0,15.0,15.0,14.0,11.0,11.0,11.0,9.0,9.0,4.0,2.0,2.0,2.0,2.0,2.0,2.0
Sumter County,South Carolina,0.0,2.0,3.0,2.0,7.0,8.0,8.0,8.0,9.0,9.0,9.0,9.0,9.0,4.0,4.0,4.0,4.0,4.0,3.0,0.0
Susquehanna County,Pennsylvania,1.0,1.0,0.0,0.0,0.0,0.0,0.0,1.0,1.0,1.0,1.0,0.0,0.0,0.0,0.0,0.0,0.0,0.0,0.0,0.0
Sussex County,Delaware,0.0,1.0,1.0,1.0,0.0,3.0,3.0,3.0,3.0,3.0,4.0,3.0,3.0,1.0,1.0,1.0,1.0,1.0,1.0,1.0
Sweetwater County,Wyoming,0.0,1.0,1.0,1.0,1.0,1.0,1.0,1.0,1.0,1.0,1.0,1.0,2.0,2.0,2.0,2.0,2.0,2.0,2.0,2.0
Swift County,Minnesota,0.0,0.0,0.0,0.0,0.0,0.0,0.0,0.0,0.0,0.0,0.0,0.0,0.0,0.0,0.0,1.0,1.0,1.0,1.0,1.0
Tallahatchie County,Mississippi,0.0,2.0,1.0,1.0,0.0,0.0,0.0,0.0,0.0,0.0,0.0,0.0,0.0,0.0,0.0,0.0,0.0,0.0,0.0,0.0
Tallapoosa County,Alabama,0.0,0.0,0.0,0.0,0.0,0.0,0.0,0.0,0.0,0.0,0.0,0.0,0.0,0.0,0.0,0.0,1.0,1.0,1.0,1.0
Taos County,New Mexico,0.0,0.0,0.0,0.0,0.0,0.0,0.0,0.0,0.0,1.0,2.0,0.0,0.0,0.0,0.0,0.0,0.0,0.0,0.0,0.0
Tarrant County,Texas,0.0,4.0,4.0,4.0,7.0,7.0,7.0,7.0,7.0,7.0,7.0,7.0,7.0,6.0,7.0,8.0,6.0,6.0,6.0,6.0
Taylor County,Texas,0.0,1.0,1.0,1.0,1.0,1.0,1.0,1.0,1.0,1.0,1.0,1.0,1.0,0.0,0.0,1.0,1.0,1.0,1.0,1.0
Taylor County,West Virginia,0.0,0.0,0.0,0.0,0.0,0.0,2.0,2.0,2.0,2.0,2.0,2.0,2.0,1.0,1.0,1.0,1.0,1.0,0.0,0.0
Tazewell County,Illinois,0.0,0.0,0.0,0.0,2.0,2.0,2.0,2.0,1.0,1.0,1.0,1.0,1.0,1.0,1.0,1.0,1.0,1.0,1.0,1.0
Teton County,Wyoming,0.0,0.0,0.0,0.0,0.0,0.0,0.0,0.0,0.0,0.0,0.0,0.0,0.0,0.0,3.0,3.0,3.0,3.0,3.0,3.0
Thomas County,Georgia,0.0,0.0,0.0,0.0,0.0,0.0,0.0,0.0,0.0,1.0,1.0,1.0,1.0,1.0,1.0,1.0,1.0,1.0,1.0,1.0
Thurston County,Washington,0.0,0.0,0.0,0.0,0.0,0.0,0.0,0.0,0.0,0.0,0.0,0.0,0.0,0.0,2.0,2.0,2.0,2.0,2.0,2.0
Tippecanoe County,Indiana,0.0,1.0,1.0,1.0,1.0,1.0,1.0,1.0,1.0,0.0,0.0,0.0,0.0,0.0,1.0,1.0,1.0,1.0,1.0,1.0
Tompkins County,New York,0.0,0.0,0.0,1.0,1.0,1.0,1.0,2.0,2.0,2.0,2.0,2.0,2.0,0.0,0.0,0.0,0.0,0.0,0.0,0.0
Travis County,Texas,0.0,4.0,4.0,3.0,4.0,4.0,4.0,4.0,4.0,4.0,4.0,4.0,5.0,5.0,5.0,6.0,6.0,6.0,5.0,4.0
Trumbull County,Ohio,0.0,1.0,1.0,1.0,0.0,0.0,0.0,0.0,0.0,0.0,0.0,0.0,0.0,0.0,0.0,0.0,0.0,0.0,0.0,0.0
Tulare County,California,0.0,1.0,1.0,2.0,2.0,2.0,2.0,2.0,2.0,2.0,2.0,2.0,2.0,1.0,0.0,0.0,0.0,0.0,0.0,0.0
Tulsa County,Oklahoma,0.0,23.0,20.0,23.0,18.0,16.0,13.0,16.0,18.0,18.0,18.0,18.0,17.0,11.0,11.0,11.0,10.0,10.0,8.0,8.0
Tuscaloosa County,Alabama,4.0,4.0,4.0,4.0,2.0,2.0,2.0,2.0,2.0,2.0,3.0,1.0,2.0,2.0,2.0,2.0,2.0,2.0,2.0,2.0
Twiggs County,Georgia,0.0,0.0,0.0,0.0,1.0,1.0,1.0,1.0,1.0,1.0,1.0,0.0,0.0,0.0,0.0,0.0,0.0,0.0,0.0,0.0
Twin Falls County,Idaho,0.0,0.0,0.0,0.0,0.0,0.0,0.0,0.0,0.0,0.0,0.0,0.0,0.0,0.0,2.0,2.0,2.0,2.0,2.0,2.0
Ulster County,New York,0.0,1.0,1.0,1.0,0.0,0.0,0.0,0.0,0.0,0.0,0.0,1.0,1.0,1.0,1.0,1.0,1.0,1.0,1.0,1.0
Umatilla County,Oregon,0.0,1.0,0.0,0.0,0.0,0.0,0.0,0.0,0.0,0.0,0.0,0.0,0.0,0.0,1.0,1.0,1.0,1.0,1.0,1.0
Union County,Arkansas,0.0,5.0,4.0,7.0,6.0,6.0,6.0,4.0,4.0,4.0,5.0,4.0,4.0,3.0,3.0,3.0,3.0,4.0,3.0,3.0
Union County,Mississippi,0.0,4.0,4.0,4.0,4.0,4.0,4.0,4.0,2.0,2.0,2.0,2.0,2.0,2.0,2.0,2.0,2.0,1.0,1.0,2.0
Union County,New Jersey,13.0,19.0,17.0,18.0,18.0,18.0,18.0,17.0,17.0,17.0,14.0,14.0,12.0,1.0,1.0,1.0,1.0,1.0,1.0,1.0
Utah County,Utah,0.0,0.0,0.0,0.0,0.0,0.0,0.0,0.0,0.0,0.0,0.0,0.0,0.0,0.0,1.0,1.0,1.0,1.0,1.0,1.0
Van Buren County,Michigan,0.0,1.0,1.0,2.0,4.0,4.0,4.0,5.0,4.0,4.0,4.0,4.0,4.0,4.0,4.0,3.0,1.0,1.0,1.0,0.0
Vance County,North Carolina,0.0,1.0,2.0,2.0,1.0,1.0,1.0,1.0,1.0,2.0,2.0,2.0,2.0,1.0,1.0,1.0,1.0,1.0,1.0,1.0
Vanderburgh County,Indiana,0.0,5.0,5.0,5.0,5.0,5.0,5.0,5.0,5.0,5.0,5.0,3.0,3.0,3.0,3.0,3.0,2.0,2.0,2.0,2.0
Venango County,Pennsylvania,2.0,2.0,2.0,2.0,2.0,2.0,2.0,2.0,1.0,1.0,1.0,1.0,1.0,1.0,1.0,1.0,1.0,1.0,1.0,1.0
Vermilion County,Illinois,1.0,4.0,4.0,2.0,2.0,1.0,1.0,1.0,1.0,1.0,1.0,3.0,1.0,1.0,1.0,4.0,4.0,4.0,1.0,1.0
Victoria County,Texas,0.0,0.0,0.0,0.0,0.0,0.0,0.0,0.0,0.0,0.0,0.0,0.0,0.0,0.0,1.0,1.0,1.0,1.0,1.0,1.0
Vigo County,Indiana,0.0,2.0,2.0,2.0,2.0,1.0,1.0,1.0,1.0,1.0,1.0,1.0,1.0,1.0,1.0,1.0,0.0,0.0,0.0,0.0
Volusia County,Florida,0.0,0.0,0.0,1.0,7.0,5.0,4.0,4.0,3.0,2.0,2.0,1.0,3.0,2.0,2.0,1.0,2.0,2.0,0.0,9.0
Wake County,North Carolina,1.0,4.0,4.0,4.0,11.0,9.0,9.0,16.0,20.0,22.0,16.0,21.0,21.0,7.0,8.0,9.0,9.0,10.0,8.0,8.0
Walker County,Georgia,0.0,0.0,0.0,0.0,0.0,0.0,0.0,0.0,0.0,0.0,0.0,0.0,0.0,0.0,0.0,0.0,1.0,1.0,1.0,1.0
Walla Walla County,Washington,0.0,1.0,1.0,1.0,0.0,0.0,0.0,0.0,0.0,0.0,0.0,0.0,0.0,0.0,0.0,0.0,0.0,0.0,0.0,0.0
Walworth County,Wisconsin,0.0,0.0,0.0,0.0,0.0,0.0,0.0,0.0,0.0,0.0,0.0,0.0,0.0,0.0,0.0,1.0,1.0,1.0,0.0,0.0
Wapello County,Iowa,0.0,4.0,4.0,4.0,4.0,4.0,4.0,4.0,4.0,4.0,2.0,2.0,2.0,2.0,2.0,2.0,2.0,2.0,2.0,2.0
Ward County,North Dakota,0.0,0.0,0.0,0.0,0.0,0.0,0.0,0.0,0.0,0.0,0.0,0.0,0.0,0.0,1.0,1.0,1.0,1.0,1.0,1.0
Ware County,Georgia,2.0,2.0,2.0,2.0,1.0,4.0,4.0,3.0,2.0,2.0,2.0,2.0,1.0,0.0,0.0,0.0,0.0,0.0,0.0,0.0
Warren County,Kentucky,0.0,0.0,0.0,0.0,0.0,1.0,1.0,1.0,1.0,1.0,2.0,1.0,1.0,2.0,2.0,2.0,2.0,2.0,1.0,1.0
Warren County,Mississippi,0.0,1.0,1.0,0.0,0.0,0.0,0.0,0.0,0.0,0.0,0.0,0.0,2.0,1.0,2.0,2.0,2.0,2.0,1.0,1.0
Warren County,New Jersey,0.0,1.0,0.0,0.0,0.0,0.0,0.0,0.0,0.0,0.0,0.0,0.0,0.0,0.0,0.0,0.0,0.0,0.0,0.0,0.0
Warren County,New York,0.0,0.0,0.0,0.0,0.0,0.0,0.0,0.0,0.0,1.0,1.0,1.0,1.0,1.0,1.0,1.0,1.0,1.0,1.0,2.0
Washington County,Arkansas,0.0,3.0,3.0,3.0,3.0,3.0,3.0,3.0,2.0,2.0,2.0,2.0,2.0,2.0,1.0,1.0,1.0,1.0,1.0,1.0
Washington County,Maine,0.0,0.0,0.0,0.0,0.0,0.0,0.0,0.0,0.0,0.0,0.0,1.0,1.0,1.0,1.0,1.0,1.0,1.0,1.0,1.0
Washington County,Maryland,2.0,2.0,2.0,2.0,1.0,1.0,1.0,2.0,2.0,2.0,2.0,2.0,2.0,2.0,2.0,2.0,2.0,2.0,2.0,2.0
Washington County,Mississippi,0.0,1.0,1.0,1.0,2.0,2.0,2.0,2.0,1.0,1.0,1.0,1.0,2.0,2.0,2.0,2.0,2.0,2.0,2.0,2.0
Washington County,Ohio,0.0,2.0,2.0,2.0,2.0,2.0,2.0,1.0,1.0,1.0,1.0,1.0,1.0,1.0,1.0,1.0,1.0,0.0,0.0,0.0
Washington County,Pennsylvania,12.0,15.0,11.0,11.0,6.0,5.0,5.0,5.0,5.0,5.0,5.0,6.0,7.0,1.0,1.0,1.0,1.0,1.0,1.0,1.0
Washington County,Utah,0.0,0.0,0.0,0.0,0.0,0.0,0.0,0.0,0.0,0.0,0.0,0.0,0.0,0.0,1.0,1.0,1.0,1.0,1.0,1.0
Washington County,Vermont,0.0,0.0,0.0,0.0,1.0,1.0,1.0,1.0,1.0,1.0,1.0,1.0,1.0,1.0,1.0,1.0,1.0,1.0,1.0,1.0
Washington County,Virginia,4.0,4.0,4.0,3.0,2.0,0.0,0.0,0.0,0.0,0.0,0.0,0.0,0.0,0.0,0.0,0.0,0.0,0.0,0.0,0.0
Washington Parish,Louisiana,0.0,3.0,2.0,2.0,1.0,1.0,1.0,1.0,1.0,1.0,1.0,0.0,1.0,1.0,0.0,0.0,0.0,0.0,0.0,0.0
Washoe County,Nevada,0.0,0.0,0.0,0.0,0.0,2.0,2.0,2.0,2.0,2.0,2.0,2.0,2.0,2.0,2.0,1.0,1.0,2.0,2.0,2.0
Washtenaw County,Michigan,0.0,2.0,3.0,3.0,3.0,5.0,3.0,2.0,2.0,2.0,2.0,2.0,2.0,2.0,2.0,2.0,2.0,2.0,2.0,2.0
Waukesha County,Wisconsin,0.0,0.0,0.0,0.0,0.0,0.0,0.0,0.0,0.0,0.0,0.0,0.0,0.0,0.0,0.0,0.0,1.0,1.0,1.0,1.0
Wayne County,Georgia,0.0,0.0,0.0,0.0,0.0,0.0,0.0,0.0,0.0,0.0,0.0,0.0,0.0,0.0,1.0,1.0,1.0,1.0,1.0,1.0
Wayne County,Michigan,11.0,15.0,17.0,19.0,57.0,51.0,51.0,64.0,59.0,53.0,51.0,46.0,46.0,23.0,25.0,16.0,15.0,15.0,13.0,12.0
Wayne County,North Carolina,0.0,1.0,1.0,2.0,1.0,1.0,1.0,5.0,5.0,5.0,5.0,6.0,4.0,0.0,0.0,0.0,0.0,0.0,0.0,0.0
Weber County,Utah,0.0,0.0,0.0,0.0,0.0,0.0,0.0,0.0,1.0,1.0,1.0,1.0,1.0,1.0,1.0,1.0,1.0,1.0,1.0,1.0
Webster Parish,Louisiana,0.0,0.0,0.0,0.0,0.0,0.0,0.0,1.0,1.0,1.0,0.0,0.0,0.0,0.0,0.0,0.0,0.0,1.0,0.0,0.0
Weld County,Colorado,0.0,2.0,2.0,2.0,1.0,1.0,1.0,1.0,1.0,1.0,1.0,1.0,1.0,1.0,1.0,1.0,1.0,1.0,1.0,1.0
Westchester County,New York,41.0,39.0,35.0,38.0,29.0,28.0,28.0,36.0,31.0,26.0,28.0,35.0,31.0,10.0,11.0,11.0,10.0,10.0,9.0,36.0
Westmoreland County,Pennsylvania,0.0,0.0,0.0,0.0,1.0,1.0,0.0,0.0,0.0,0.0,0.0,0.0,0.0,0.0,0.0,0.0,1.0,1.0,0.0,0.0
Whatcom County,Washington,0.0,0.0,0.0,0.0,0.0,0.0,0.0,0.0,0.0,0.0,0.0,0.0,0.0,0.0,2.0,2.0,2.0,2.0,2.0,2.0
Whiteside County,Illinois,0.0,0.0,0.0,0.0,0.0,0.0,0.0,0.0,0.0,0.0,1.0,1.0,1.0,1.0,1.0,1.0,0.0,0.0,0.0,0.0
Wichita County,Texas,0.0,2.0,2.0,2.0,3.0,3.0,3.0,3.0,3.0,2.0,2.0,2.0,3.0,4.0,4.0,5.0,5.0,5.0,5.0,5.0
Wicomico County,Maryland,1.0,1.0,1.0,1.0,1.0,1.0,1.0,0.0,0.0,0.0,0.0,0.0,0.0,1.0,1.0,1.0,1.0,1.0,1.0,1.0
Williams County,North Dakota,0.0,0.0,0.0,0.0,0.0,0.0,0.0,0.0,0.0,0.0,0.0,0.0,0.0,0.0,1.0,1.0,1.0,1.0,1.0,1.0
Williamsburg city,Virginia,0.0,0.0,0.0,0.0,0.0,0.0,0.0,1.0,1.0,1.0,1.0,1.0,1.0,1.0,1.0,1.0,1.0,2.0,1.0,1.0
Williamson County,Tennessee,0.0,0.0,0.0,0.0,0.0,0.0,0.0,0.0,0.0,0.0,0.0,0.0,0.0,1.0,1.0,1.0,1.0,2.0,0.0,0.0
Wilson County,North Carolina,2.0,3.0,3.0,3.0,3.0,3.0,3.0,3.0,3.0,3.0,3.0,2.0,2.0,1.0,0.0,0.0,0.0,0.0,0.0,0.0
Winchester city,Virginia,2.0,3.0,3.0,3.0,3.0,3.0,3.0,3.0,3.0,3.0,3.0,3.0,3.0,3.0,3.0,3.0,3.0,2.0,1.0,1.0
Windham County,Connecticut,0.0,0.0,0.0,0.0,0.0,0.0,0.0,0.0,0.0,0.0,0.0,1.0,1.0,1.0,1.0,1.0,1.0,1.0,0.0,1.0
Winnebago County,Illinois,0.0,4.0,5.0,4.0,4.0,5.0,5.0,4.0,4.0,4.0,4.0,4.0,4.0,4.0,4.0,4.0,4.0,4.0,4.0,4.0
Winnebago County,Wisconsin,0.0,2.0,2.0,2.0,2.0,2.0,1.0,1.0,1.0,1.0,1.0,1.0,0.0,0.0,1.0,1.0,1.0,1.0,1.0,1.0
Winona County,Minnesota,0.0,0.0,0.0,0.0,0.0,0.0,0.0,0.0,0.0,0.0,0.0,0.0,1.0,1.0,3.0,3.0,3.0,3.0,3.0,3.0
Wood County,West Virginia,0.0,0.0,0.0,1.0,1.0,1.0,1.0,1.0,1.0,1.0,1.0,1.0,1.0,0.0,0.0,0.0,0.0,0.0,0.0,0.0
Woodbury County,Iowa,0.0,0.0,0.0,0.0,0.0,3.0,2.0,2.0,2.0,2.0,2.0,2.0,2.0,1.0,3.0,3.0,3.0,3.0,3.0,3.0
Worcester County,Maryland,0.0,1.0,0.0,0.0,0.0,0.0,0.0,0.0,0.0,0.0,0.0,0.0,0.0,0.0,0.0,0.0,0.0,0.0,0.0,0.0
Worcester County,Massachusetts,1.0,2.0,0.0,0.0,8.0,8.0,8.0,6.0,5.0,5.0,5.0,5.0,5.0,1.0,2.0,1.0,1.0,1.0,1.0,0.0
Wyandotte County,Kansas,0.0,0.0,2.0,3.0,14.0,18.0,17.0,18.0,14.0,13.0,11.0,10.0,10.0,3.0,6.0,5.0,5.0,4.0,4.0,5.0
Yakima County,Washington,0.0,4.0,4.0,3.0,2.0,2.0,0.0,0.0,0.0,0.0,0.0,0.0,0.0,0.0,2.0,2.0,1.0,1.0,1.0,1.0
Yavapai County,Arizona,0.0,0.0,0.0,0.0,0.0,0.0,0.0,0.0,0.0,0.0,0.0,0.0,0.0,0.0,1.0,1.0,1.0,1.0,1.0,1.0
Yazoo County,Mississippi,0.0,5.0,4.0,4.0,3.0,3.0,2.0,2.0,2.0,2.0,2.0,2.0,2.0,2.0,1.0,1.0,1.0,1.0,1.0,1.0
Yellowstone County,Montana,0.0,0.0,0.0,0.0,0.0,0.0,0.0,0.0,0.0,0.0,0.0,0.0,0.0,1.0,2.0,2.0,2.0,2.0,2.0,2.0
Yolo County,California,0.0,0.0,0.0,0.0,0.0,0.0,0.0,0.0,0.0,2.0,2.0,2.0,2.0,0.0,0.0,0.0,0.0,0.0,0.0,0.0
York County,Maine,0.0,1.0,0.0,0.0,1.0,1.0,1.0,1.0,1.0,1.0,1.0,1.0,1.0,1.0,1.0,1.0,1.0,1.0,1.0,1.0
York County,Pennsylvania,5.0,4.0,4.0,3.0,1.0,1.0,1.0,1.0,1.0,1.0,1.0,1.0,1.0,1.0,2.0,2.0,2.0,2.0,2.0,2.0
York County,South Carolina,0.0,0.0,0.0,0.0,0.0,1.0,1.0,1.0,1.0,1.0,1.0,1.0,1.0,0.0,0.0,0.0,0.0,0.0,0.0,0.0
York County,Virginia,0.0,0.0,0.0,0.0,0.0,0.0,0.0,0.0,0.0,0.0,0.0,0.0,0.0,0.0,0.0,1.0,1.0,1.0,0.0,0.0
Yuma County,Arizona,0.0,0.0,0.0,0.0,1.0,1.0,1.0,2.0,2.0,2.0,2.0,2.0,2.0,2.0,2.0,2.0,2.0,2.0,2.0,1.0
